epoch,time,train/box_loss,train/cls_loss,train/dfl_loss,metrics/precision(B),metrics/recall(B),metrics/mAP50(B),metrics/mAP50-95(B),val/box_loss,val/cls_loss,val/dfl_loss,lr/pg0,lr/pg1,lr/pg2
1,89.0742,2.40825,11.9733,2.33091,0.00023,0.09163,2e-05,1e-05,3.5969,12783.1,31.4263,0.000656863,0.000656863,0.000656863
2,156.538,2.53478,3.89055,2.49109,0.00027,0.09163,3e-05,1e-05,3.7586,inf,16.3759,0.00132339,0.00132339,0.00132339
3,216.164,2.55842,3.73659,2.58845,0.00064,0.05179,9e-05,2e-05,3.32855,149.874,5.12772,0.00198933,0.00198933,0.00198933
4,275.391,2.53842,3.71907,2.58103,0.47534,0.00398,0.00507,0.00251,3.49698,22.7436,7.88647,0.00199805,0.00199805,0.00199805
5,334.304,2.49022,3.72613,2.4894,0.03305,0.03622,0.01073,0.00267,2.90896,6.61119,2.97895,0.00199653,0.00199653,0.00199653
6,393.572,2.44834,3.60263,2.48853,0.02326,0.03586,0.00479,0.00168,2.78429,9.31998,2.83673,0.00199458,0.00199458,0.00199458
7,448.634,2.40618,3.48628,2.4242,0.08054,0.03586,0.00889,0.00334,2.96596,6.58776,3.19909,0.00199219,0.00199219,0.00199219
8,507.75,2.34033,3.52648,2.42101,0.05858,0.01594,0.00755,0.00275,3.18074,5.30194,3.39967,0.00198938,0.00198938,0.00198938
9,565.593,2.36812,3.57945,2.41928,0.14334,0.09163,0.04423,0.01611,2.67964,10.5947,2.8994,0.00198614,0.00198614,0.00198614
10,623.53,2.27879,3.43093,2.40837,0.16012,0.13944,0.07298,0.0311,2.52155,4.33146,2.62548,0.00198246,0.00198246,0.00198246
11,681.448,2.27225,3.3542,2.3568,0.14912,0.0757,0.04544,0.01428,2.58001,4.55487,2.74439,0.00197837,0.00197837,0.00197837
12,738.11,2.2278,3.4359,2.34114,0.17263,0.18372,0.08613,0.03133,2.41891,4.21752,2.52747,0.00197384,0.00197384,0.00197384
13,796.502,2.25591,3.41446,2.34336,0.22712,0.14741,0.08968,0.03179,2.4427,4.53236,2.62629,0.0019689,0.0019689,0.0019689
14,854.872,2.21495,3.22299,2.32452,0.17918,0.22311,0.06933,0.0279,2.36189,4.2689,2.50426,0.00196353,0.00196353,0.00196353
15,911.894,2.23765,3.31325,2.33925,0.26333,0.1753,0.10921,0.038,2.41874,4.1948,2.49524,0.00195775,0.00195775,0.00195775
16,969.632,2.18288,3.18597,2.30131,0.23016,0.11952,0.09374,0.03447,2.5613,4.21598,2.71631,0.00195155,0.00195155,0.00195155
17,1026.03,2.21113,3.20703,2.27515,0.23854,0.17131,0.09933,0.03909,2.37123,4.1478,2.51132,0.00194493,0.00194493,0.00194493
18,1084.98,2.17226,3.16699,2.23539,0.19321,0.15139,0.10142,0.03984,2.46162,3.93844,2.55721,0.00193791,0.00193791,0.00193791
19,1144.05,2.14549,3.10226,2.23404,0.15339,0.15538,0.07816,0.02716,2.54758,5.39577,2.6776,0.00193048,0.00193048,0.00193048
20,1199.95,2.15378,3.12001,2.24087,0.21686,0.10757,0.07762,0.02881,2.7649,4.72839,3.04335,0.00192264,0.00192264,0.00192264
21,1256.03,2.12815,3.14612,2.23022,0.27049,0.21116,0.1451,0.0564,2.3245,3.56487,2.42181,0.00191441,0.00191441,0.00191441
22,1315.06,2.12629,3.1784,2.21969,0.2038,0.18327,0.11242,0.04113,2.36763,4.81668,2.52919,0.00190578,0.00190578,0.00190578
23,1370.55,2.15667,3.17692,2.23685,0.23958,0.14343,0.10409,0.03355,2.6553,4.75786,2.73204,0.00189675,0.00189675,0.00189675
24,1426.73,2.11045,3.04717,2.17741,0.23056,0.15936,0.09721,0.03752,2.50053,4.53303,2.69866,0.00188734,0.00188734,0.00188734
25,1483.86,2.11666,3.05285,2.20597,0.22264,0.14948,0.07734,0.02697,2.58204,4.072,2.748,0.00187754,0.00187754,0.00187754
26,1540.25,2.08607,3.13327,2.22026,0.18313,0.20319,0.09559,0.04178,2.30126,3.97258,2.43562,0.00186737,0.00186737,0.00186737
27,1596.61,2.15171,3.21644,2.23799,0.26865,0.1992,0.13449,0.05472,2.19569,3.87306,2.29852,0.00185681,0.00185681,0.00185681
28,1653.01,2.03802,3.01984,2.15533,0.31848,0.24576,0.16701,0.07001,2.29897,3.37303,2.33711,0.00184588,0.00184588,0.00184588
29,1711.89,2.06358,2.99836,2.17542,0.28662,0.22709,0.13539,0.05918,2.19614,3.85911,2.33034,0.00183459,0.00183459,0.00183459
30,1767.85,2.04856,3.0144,2.18572,0.22831,0.21116,0.13764,0.05496,2.28566,3.85862,2.43031,0.00182294,0.00182294,0.00182294
31,1824.48,2.067,3.05671,2.17419,0.35561,0.11554,0.10374,0.0406,2.45954,4.09534,2.58934,0.00181093,0.00181093,0.00181093
32,1880.78,2.07214,2.99557,2.19582,0.32794,0.16733,0.14599,0.06279,2.30037,3.80035,2.42214,0.00179856,0.00179856,0.00179856
33,1937.63,2.00695,2.90304,2.10495,0.14836,0.0757,0.05122,0.01938,2.63898,4.38673,2.8412,0.00178586,0.00178586,0.00178586
34,1994.33,2.03271,2.93225,2.16978,0.29011,0.21514,0.15413,0.04987,2.32873,3.95836,2.4704,0.00177281,0.00177281,0.00177281
35,2049.28,2.08331,2.99763,2.18055,0.28737,0.18725,0.13089,0.04729,2.38661,3.87552,2.52594,0.00175943,0.00175943,0.00175943
36,2105.68,2.02345,2.94372,2.16304,0.33442,0.16733,0.14808,0.04905,2.44881,4.00781,2.58229,0.00174571,0.00174571,0.00174571
37,2161.74,2.0097,2.99696,2.09144,0.2936,0.13944,0.11814,0.04338,2.50747,3.87755,2.65801,0.00173168,0.00173168,0.00173168
38,2216.29,2.02701,2.9269,2.14549,0.27758,0.22709,0.15291,0.06801,2.17959,3.32242,2.28373,0.00171733,0.00171733,0.00171733
39,2272.33,2.01375,2.86342,2.11367,0.27186,0.21514,0.12648,0.05233,2.26741,3.4256,2.30953,0.00170267,0.00170267,0.00170267
40,2327.9,2.00156,2.88059,2.12073,0.27487,0.24303,0.15116,0.06765,2.31123,4.018,2.41098,0.0016877,0.0016877,0.0016877
41,2383.05,2.02661,2.97076,2.11959,0.31639,0.22865,0.16401,0.06251,2.22478,3.40057,2.35177,0.00167244,0.00167244,0.00167244
42,2439.32,2.03244,2.86882,2.09385,0.36389,0.21912,0.17644,0.07214,2.25661,3.30918,2.35599,0.00165689,0.00165689,0.00165689
43,2497.27,2.0378,2.86415,2.11637,0.26789,0.18952,0.13439,0.05004,2.5449,4.12396,2.6917,0.00164105,0.00164105,0.00164105
44,2553.27,1.98277,2.82083,2.05046,0.29076,0.23904,0.17554,0.07084,2.23415,3.39981,2.3884,0.00162494,0.00162494,0.00162494
45,2609.55,1.97175,2.81798,2.06947,0.31403,0.20717,0.16703,0.06797,2.30796,3.51752,2.47536,0.00160855,0.00160855,0.00160855
46,2665.98,1.98174,2.76649,2.06382,0.38339,0.20717,0.18181,0.06931,2.30034,3.22522,2.4036,0.00159191,0.00159191,0.00159191
47,2722.06,1.98589,2.85778,2.09764,0.31919,0.27092,0.19388,0.07978,2.22173,3.58026,2.37118,0.00157501,0.00157501,0.00157501
48,2780.1,2.01562,2.87861,2.09644,0.30345,0.21514,0.14285,0.06439,2.22827,3.59995,2.31821,0.00155786,0.00155786,0.00155786
49,2836.29,1.95623,2.7611,2.05587,0.35659,0.21912,0.17895,0.08022,2.14852,3.09021,2.30401,0.00154047,0.00154047,0.00154047
50,2893.76,1.9821,2.77858,2.08505,0.36328,0.23506,0.21548,0.0726,2.3506,3.27448,2.50077,0.00152285,0.00152285,0.00152285
51,2949.4,1.95559,2.72362,2.05979,0.29706,0.27949,0.20858,0.08515,2.20802,3.2767,2.30534,0.001505,0.001505,0.001505
52,3007.9,1.98505,2.69686,2.06735,0.30078,0.21514,0.15126,0.05584,2.28397,3.87688,2.46674,0.00148694,0.00148694,0.00148694
53,3064.2,1.99482,2.79754,2.09993,0.31833,0.24701,0.19068,0.07547,2.2079,3.29368,2.35337,0.00146866,0.00146866,0.00146866
54,3119.13,1.96946,2.80342,2.11927,0.36132,0.26693,0.21591,0.08308,2.28771,3.67412,2.39062,0.00145019,0.00145019,0.00145019
55,3175.53,1.95776,2.72811,2.0623,0.32691,0.22311,0.19022,0.0765,2.25846,3.71718,2.39933,0.00143152,0.00143152,0.00143152
56,3232.88,1.93374,2.71835,2.02407,0.30755,0.24303,0.19702,0.08724,2.18881,3.4017,2.36336,0.00141267,0.00141267,0.00141267
57,3292.05,1.93546,2.71306,2.04618,0.32787,0.24701,0.18495,0.08321,2.21811,3.62149,2.39865,0.00139364,0.00139364,0.00139364
58,3347.65,1.98813,2.7466,2.09976,0.3207,0.2749,0.20255,0.07524,2.37372,3.46569,2.54621,0.00137444,0.00137444,0.00137444
59,3404.49,1.95375,2.69984,2.05281,0.29251,0.27888,0.1796,0.0751,2.35432,3.46758,2.49499,0.00135509,0.00135509,0.00135509
60,3461.18,1.98684,2.79486,2.09433,0.3337,0.17928,0.15647,0.05875,2.40144,3.811,2.527,0.00133558,0.00133558,0.00133558
61,3516.63,1.94381,2.66041,2.05224,0.31343,0.20319,0.17754,0.06489,2.30403,3.27861,2.43114,0.00131593,0.00131593,0.00131593
62,3573.08,1.91737,2.74239,2.04383,0.30853,0.21116,0.1777,0.06826,2.29793,3.73381,2.46826,0.00129614,0.00129614,0.00129614
63,3630.47,1.94634,2.67863,2.054,0.46037,0.27888,0.24778,0.09655,2.17137,3.2125,2.2922,0.00127623,0.00127623,0.00127623
64,3687.81,1.91519,2.65708,2.003,0.37829,0.27888,0.23818,0.09149,2.28535,3.06645,2.35661,0.0012562,0.0012562,0.0012562
65,3743.92,1.91205,2.6831,2.02818,0.26361,0.22107,0.16667,0.04889,2.464,4.06114,2.63969,0.00123607,0.00123607,0.00123607
66,3800.26,1.91882,2.61705,2.02288,0.41464,0.31076,0.22122,0.08958,2.18643,3.03847,2.29986,0.00121583,0.00121583,0.00121583
67,3856.21,1.88952,2.62656,2.01892,0.38724,0.251,0.21696,0.08747,2.19868,3.27621,2.35741,0.00119551,0.00119551,0.00119551
68,3913.37,1.91389,2.65391,2.01803,0.28817,0.27888,0.19392,0.086,2.16381,3.41631,2.35993,0.0011751,0.0011751,0.0011751
69,3970.44,1.91508,2.70187,2.02168,0.40074,0.32271,0.24081,0.10379,2.17186,3.32065,2.31762,0.00115462,0.00115462,0.00115462
70,4029.65,1.91129,2.63589,2.02907,0.3356,0.27772,0.20722,0.08625,2.19362,3.10846,2.34749,0.00113408,0.00113408,0.00113408
71,4085.67,1.8919,2.66587,2.03891,0.37989,0.29482,0.2315,0.08475,2.24688,3.13305,2.35283,0.00111348,0.00111348,0.00111348
72,4142.58,1.86654,2.52704,2.00991,0.36732,0.2822,0.23627,0.08627,2.2984,3.02543,2.45913,0.00109284,0.00109284,0.00109284
73,4199.65,1.88388,2.68321,2.00196,0.33323,0.34661,0.23871,0.10461,2.14857,3.23335,2.30485,0.00107216,0.00107216,0.00107216
74,4257.24,1.89732,2.65162,2.02106,0.27513,0.25498,0.17767,0.07167,2.24358,3.11545,2.40886,0.00105146,0.00105146,0.00105146
75,4313.88,1.91031,2.57816,2.0271,0.41404,0.32271,0.27561,0.12049,2.08035,2.98382,2.21117,0.00103073,0.00103073,0.00103073
76,4372.12,1.89679,2.55491,2.02256,0.34844,0.29084,0.22608,0.08053,2.30637,3.12986,2.50573,0.00101,0.00101,0.00101
77,4429.56,1.91056,2.56409,2.0394,0.28883,0.19124,0.15058,0.05298,2.3812,3.5081,2.59574,0.000989267,0.000989267,0.000989267
78,4484.4,1.865,2.58563,2.0227,0.32754,0.31873,0.21838,0.09672,2.13749,2.93398,2.2824,0.000968543,0.000968543,0.000968543
79,4541.64,1.87802,2.55728,2.03928,0.34873,0.32271,0.22947,0.09664,2.13633,3.03689,2.3319,0.000947837,0.000947837,0.000947837
80,4598.14,1.87743,2.56704,2.00621,0.39353,0.31873,0.24805,0.09584,2.19008,3.18087,2.38645,0.000927159,0.000927159,0.000927159
81,4652.73,1.81948,2.48141,1.93726,0.53497,0.251,0.2584,0.09918,2.23313,3.06489,2.35981,0.000906517,0.000906517,0.000906517
82,4709.8,1.87595,2.51025,1.98819,0.42563,0.29228,0.25286,0.10209,2.15498,3.22606,2.30901,0.00088592,0.00088592,0.00088592
83,4766.36,1.88652,2.48234,2.01252,0.29625,0.33068,0.21826,0.09624,2.16498,3.11167,2.28622,0.000865378,0.000865378,0.000865378
84,4823.46,1.84742,2.5122,1.95601,0.34979,0.29482,0.24637,0.09958,2.17977,3.69313,2.25446,0.000844899,0.000844899,0.000844899
85,4878.57,1.82129,2.48884,1.99275,0.32151,0.29482,0.23018,0.09082,2.17388,2.95873,2.32991,0.000824492,0.000824492,0.000824492
86,4934.97,1.84112,2.50815,1.96861,0.35566,0.26693,0.21678,0.08325,2.20241,3.09197,2.37351,0.000804167,0.000804167,0.000804167
87,4992.45,1.81519,2.46104,1.9723,0.43562,0.30444,0.27077,0.11493,2.15154,2.96301,2.28288,0.000783933,0.000783933,0.000783933
88,5049.43,1.85888,2.50093,1.98988,0.42423,0.31873,0.25539,0.10331,2.09547,2.9572,2.24125,0.000763797,0.000763797,0.000763797
89,5105.21,1.81895,2.51296,1.97302,0.37032,0.25896,0.22299,0.09121,2.0962,3.10132,2.26781,0.000743769,0.000743769,0.000743769
90,5162.03,1.83313,2.47169,1.99459,0.45573,0.28287,0.2587,0.11065,2.22722,3.0026,2.37268,0.000723859,0.000723859,0.000723859
91,5219.38,1.84191,2.52874,1.98888,0.44811,0.30408,0.26983,0.10297,2.14596,3.26626,2.32444,0.000704073,0.000704073,0.000704073
92,5276.49,1.82261,2.49513,1.99597,0.38337,0.35857,0.27155,0.11933,2.06543,2.93795,2.22384,0.000684422,0.000684422,0.000684422
93,5332.75,1.82685,2.43149,1.96027,0.37163,0.32669,0.24188,0.10235,2.15322,2.98553,2.31235,0.000664914,0.000664914,0.000664914
94,5389,1.84702,2.4415,1.95862,0.38537,0.36255,0.27393,0.10885,2.22819,2.95718,2.36734,0.000645557,0.000645557,0.000645557
95,5446.05,1.80263,2.38642,1.92777,0.34786,0.33791,0.2646,0.11201,2.15429,2.97783,2.28946,0.00062636,0.00062636,0.00062636
96,5503.15,1.82975,2.3905,1.94549,0.40931,0.34263,0.28446,0.1145,2.17487,3.0093,2.31049,0.000607331,0.000607331,0.000607331
97,5559.61,1.85582,2.45687,1.97425,0.39315,0.31873,0.27278,0.11682,2.12737,3.12688,2.30486,0.000588479,0.000588479,0.000588479
98,5616.24,1.80617,2.41283,1.92408,0.40656,0.35458,0.26486,0.11199,2.18003,3.04084,2.3351,0.000569811,0.000569811,0.000569811
99,5673.63,1.81304,2.38599,1.94116,0.48026,0.2988,0.29672,0.11688,2.1895,3.09,2.33742,0.000551337,0.000551337,0.000551337
100,5732.15,1.794,2.3888,1.93288,0.42451,0.31152,0.28206,0.1239,2.13344,3.00244,2.28962,0.000533064,0.000533064,0.000533064
101,5794.04,1.7942,2.36171,1.93792,0.30529,0.33466,0.23231,0.10053,2.1301,3.19844,2.30282,0.000515,0.000515,0.000515
102,5853.93,1.79388,2.39235,1.93362,0.34928,0.30677,0.23803,0.10052,2.16699,2.99892,2.3412,0.000497153,0.000497153,0.000497153
103,5913.51,1.78488,2.40382,1.93425,0.37783,0.34263,0.27476,0.12263,2.13315,3.04966,2.30543,0.000479531,0.000479531,0.000479531
104,5971.95,1.79303,2.3214,1.93153,0.39958,0.28685,0.25319,0.10602,2.10918,3.08711,2.24518,0.000462142,0.000462142,0.000462142
105,6029.93,1.80318,2.39238,1.94513,0.43738,0.31873,0.27487,0.11156,2.09171,2.99849,2.24883,0.000444994,0.000444994,0.000444994
106,6087.86,1.75399,2.37212,1.89968,0.28843,0.31076,0.21117,0.09248,2.13564,3.22477,2.28024,0.000428093,0.000428093,0.000428093
107,6146.01,1.79006,2.32594,1.95101,0.38635,0.29084,0.24449,0.10772,2.0753,2.97414,2.22708,0.000411447,0.000411447,0.000411447
108,6204.23,1.77049,2.28992,1.90631,0.38423,0.32669,0.26157,0.11225,2.12716,3.00458,2.26068,0.000395064,0.000395064,0.000395064
109,6262.27,1.71711,2.33082,1.87038,0.38219,0.3506,0.27488,0.11699,2.09534,2.99392,2.26749,0.00037895,0.00037895,0.00037895
110,6319.72,1.76677,2.25203,1.90499,0.43085,0.35857,0.29183,0.12934,2.10903,2.95234,2.26592,0.000363114,0.000363114,0.000363114
111,6378.35,1.81083,2.36523,1.95092,0.41432,0.34661,0.28076,0.11813,2.10947,2.87329,2.27612,0.000347561,0.000347561,0.000347561
112,6435.66,1.7703,2.31627,1.91841,0.32707,0.34263,0.22927,0.09958,2.13577,3.20435,2.31382,0.000332298,0.000332298,0.000332298
113,6493.85,1.72275,2.27375,1.8971,0.33116,0.38645,0.27193,0.12787,2.07152,3.02996,2.20623,0.000317333,0.000317333,0.000317333
114,6551.33,1.75338,2.31881,1.89562,0.35802,0.3506,0.28183,0.11954,2.13534,2.95567,2.31469,0.000302672,0.000302672,0.000302672
115,6607.94,1.76968,2.36841,1.928,0.38669,0.33466,0.28758,0.11985,2.11246,2.83923,2.23975,0.000288321,0.000288321,0.000288321
116,6665.31,1.74976,2.3146,1.92606,0.44016,0.33865,0.29177,0.1248,2.10181,2.85603,2.25545,0.000274287,0.000274287,0.000274287
117,6722.35,1.75833,2.2859,1.88691,0.37553,0.3745,0.29855,0.13638,2.06206,2.88554,2.19723,0.000260575,0.000260575,0.000260575
118,6781.62,1.75766,2.24157,1.87608,0.38424,0.39044,0.30499,0.13207,2.10379,2.86339,2.23301,0.000247192,0.000247192,0.000247192
119,6838.85,1.73352,2.19197,1.89043,0.36314,0.39044,0.27989,0.12423,2.06049,2.88927,2.23348,0.000234143,0.000234143,0.000234143
120,6895.86,1.72669,2.19813,1.87255,0.40917,0.3506,0.28671,0.12262,2.11854,2.7911,2.2536,0.000221435,0.000221435,0.000221435
121,6953.46,1.77721,2.27074,1.91393,0.34202,0.36449,0.27163,0.12316,2.07256,2.94897,2.21537,0.000209073,0.000209073,0.000209073
122,7011.44,1.7409,2.23721,1.88437,0.33984,0.35857,0.26266,0.11936,2.0696,3.01444,2.22031,0.000197062,0.000197062,0.000197062
123,7069.94,1.74715,2.26593,1.90909,0.41154,0.3506,0.30091,0.13277,2.08858,2.92988,2.2411,0.000185408,0.000185408,0.000185408
124,7127.45,1.76589,2.32274,1.91788,0.33649,0.37052,0.26866,0.12554,2.09467,2.87954,2.23916,0.000174115,0.000174115,0.000174115
125,7183.35,1.72161,2.20093,1.90451,0.36918,0.34263,0.2757,0.11991,2.06765,2.87534,2.22715,0.000163189,0.000163189,0.000163189
126,7241.17,1.75223,2.28554,1.89899,0.37049,0.35458,0.26253,0.11341,2.08502,2.94641,2.23806,0.000152635,0.000152635,0.000152635
127,7298.54,1.72122,2.19483,1.88187,0.44724,0.35136,0.28597,0.12546,2.10773,2.89555,2.24387,0.000142456,0.000142456,0.000142456
128,7356.01,1.74339,2.24175,1.90725,0.38141,0.36255,0.28011,0.1223,2.12115,2.91411,2.26136,0.000132658,0.000132658,0.000132658
129,7414.58,1.73122,2.28515,1.89694,0.37859,0.37622,0.29109,0.12638,2.11191,2.98715,2.25696,0.000123245,0.000123245,0.000123245
130,7471.13,1.73306,2.23937,1.88225,0.42153,0.33466,0.29139,0.13595,2.10584,2.9296,2.2447,0.000114221,0.000114221,0.000114221
131,7528.3,1.75167,2.25564,1.91523,0.38015,0.35857,0.28119,0.12525,2.08444,2.89514,2.23023,0.00010559,0.00010559,0.00010559
132,7585.66,1.73531,2.22491,1.91181,0.35926,0.35518,0.26944,0.12073,2.09147,2.99131,2.24491,9.73555e-05,9.73555e-05,9.73555e-05
133,7643.66,1.71933,2.19764,1.90224,0.3808,0.39044,0.28998,0.1272,2.11231,2.89151,2.25357,8.95213e-05,8.95213e-05,8.95213e-05
134,7700.6,1.74198,2.19877,1.88806,0.37284,0.39044,0.28277,0.12286,2.10543,2.89417,2.25622,8.20908e-05,8.20908e-05,8.20908e-05
135,7757.23,1.74908,2.29165,1.92005,0.3891,0.37849,0.28893,0.12902,2.10125,2.88617,2.24783,7.50674e-05,7.50674e-05,7.50674e-05
136,7814.97,1.72483,2.20928,1.88037,0.36258,0.36486,0.28121,0.12498,2.09169,2.93791,2.22055,6.8454e-05,6.8454e-05,6.8454e-05
137,7872.19,1.72277,2.20032,1.89756,0.37712,0.36255,0.29221,0.13028,2.07714,2.93237,2.20487,6.22537e-05,6.22537e-05,6.22537e-05
138,7930.36,1.70678,2.17423,1.87307,0.38705,0.35857,0.2899,0.12882,2.08916,2.87394,2.21699,5.64691e-05,5.64691e-05,5.64691e-05
139,7987.59,1.6917,2.13836,1.84745,0.38377,0.34263,0.27666,0.12349,2.08144,2.92859,2.22163,5.11027e-05,5.11027e-05,5.11027e-05
140,8045.45,1.69849,2.15752,1.88126,0.40479,0.3506,0.2897,0.12989,2.09008,2.90994,2.22507,4.61569e-05,4.61569e-05,4.61569e-05
141,8103.7,1.74635,2.26183,1.94257,0.38224,0.35857,0.29185,0.1314,2.12484,3.07381,2.24594,4.16339e-05,4.16339e-05,4.16339e-05
142,8155.38,1.7115,2.21571,1.9401,0.42354,0.3542,0.30014,0.1332,2.12669,2.91522,2.24117,3.75356e-05,3.75356e-05,3.75356e-05
143,8207.11,1.71901,2.19789,1.94029,0.4244,0.34661,0.29365,0.13266,2.10391,2.89513,2.22875,3.38639e-05,3.38639e-05,3.38639e-05
144,8258.24,1.73757,2.22259,1.93343,0.44675,0.3506,0.30057,0.13593,2.10212,2.82541,2.2258,3.06204e-05,3.06204e-05,3.06204e-05
145,8310.2,1.68396,2.11574,1.8862,0.4248,0.35015,0.30764,0.13783,2.09602,2.80504,2.22591,2.78064e-05,2.78064e-05,2.78064e-05
146,8363.61,1.69749,2.12727,1.91616,0.41862,0.35857,0.30449,0.13559,2.09022,2.83711,2.22209,2.54233e-05,2.54233e-05,2.54233e-05
147,8415.18,1.6846,2.15327,1.92798,0.42823,0.35458,0.30719,0.13914,2.08168,2.82077,2.22269,2.34721e-05,2.34721e-05,2.34721e-05
148,8467.59,1.72594,2.17899,1.93295,0.43557,0.35665,0.31233,0.14127,2.07363,2.80527,2.21394,2.19535e-05,2.19535e-05,2.19535e-05
149,8521.24,1.65369,2.11771,1.87851,0.43801,0.35458,0.3095,0.13766,2.07443,2.80825,2.21492,2.08684e-05,2.08684e-05,2.08684e-05
150,8572.31,1.70836,2.14845,1.91664,0.4218,0.36039,0.30678,0.13681,2.07454,2.79644,2.21875,2.02171e-05,2.02171e-05,2.02171e-05
