frame,pothole_id,x,y,w,h
2,0,0.614062,0.063281,0.09375,0.060938
3,0,0.6,0.146094,0.09375,0.060938
4,0,0.595312,0.230469,0.09375,0.060938
5,0,0.609375,0.313281,0.09375,0.060938
6,0,0.595312,0.397656,0.09375,0.060938
7,0,0.576562,0.480469,0.09375,0.060938
7,1,0.630469,0.063281,0.054688,0.045312
8,0,0.578125,0.564844,0.09375,0.060938
8,1,0.632031,0.147656,0.054688,0.045312
8,2,0.496094,0.015625,0.051562,0.03125
9,0,0.607812,0.647656,0.09375,0.060938
9,1,0.661719,0.230469,0.054688,0.045312
9,2,0.525781,0.090625,0.051562,0.046875
10,0,0.6125,0.732031,0.09375,0.060938
10,1,0.666406,0.314844,0.054688,0.045312
10,2,0.530469,0.175,0.051562,0.046875
11,0,0.584375,0.814844,0.09375,0.060938
11,1,0.638281,0.397656,0.054688,0.045312
11,2,0.502344,0.257812,0.051562,0.046875
12,0,0.589062,0.899219,0.09375,0.060938
12,1,0.642969,0.482031,0.054688,0.045312
12,2,0.507031,0.342188,0.051562,0.046875
13,0,0.58125,0.975781,0.09375,0.048438
13,1,0.635156,0.564844,0.054688,0.045312
13,2,0.499219,0.425,0.051562,0.046875
14,1,0.666406,0.649219,0.054688,0.045312
14,2,0.530469,0.509375,0.051562,0.046875
15,1,0.678906,0.732031,0.054688,0.045312
15,2,0.542969,0.592188,0.051562,0.046875
16,1,0.661719,0.816406,0.054688,0.045312
16,2,0.525781,0.676562,0.051562,0.046875
17,1,0.658594,0.899219,0.054688,0.045312
17,2,0.522656,0.759375,0.051562,0.046875
18,1,0.653906,0.980469,0.054688,0.039062
18,2,0.517969,0.84375,0.051562,0.046875
19,2,0.505469,0.926562,0.051562,0.046875
21,3,0.476562,0.078906,0.040625,0.029688
22,3,0.484375,0.163281,0.040625,0.029688
22,4,0.45,0.035156,0.05,0.035938
23,3,0.470312,0.246094,0.040625,0.029688
23,4,0.435938,0.117969,0.05,0.035938
23,5,0.59375,0.0125,0.05,0.025
24,3,0.471875,0.330469,0.040625,0.029688
24,4,0.4375,0.202344,0.05,0.035938
24,5,0.595312,0.088281,0.05,0.042188
25,3,0.470312,0.413281,0.040625,0.029688
25,4,0.435938,0.285156,0.05,0.035938
25,5,0.59375,0.171094,0.05,0.042188
26,3,0.504687,0.497656,0.040625,0.029688
26,4,0.470312,0.369531,0.05,0.035938
26,5,0.628125,0.255469,0.05,0.042188
27,3,0.498438,0.580469,0.040625,0.029688
27,4,0.464062,0.452344,0.05,0.035938
27,5,0.621875,0.338281,0.05,0.042188
27,6,0.415625,0.015625,0.08125,0.03125
28,3,0.457812,0.664844,0.040625,0.029688
28,4,0.423438,0.536719,0.05,0.035938
28,5,0.58125,0.422656,0.05,0.042188
28,6,0.375,0.077344,0.08125,0.076562
29,3,0.4875,0.747656,0.040625,0.029688
29,4,0.453125,0.619531,0.05,0.035938
29,5,0.610938,0.505469,0.05,0.042188
29,6,0.404688,0.160156,0.08125,0.076562
30,3,0.460938,0.832031,0.040625,0.029688
30,4,0.426562,0.703906,0.05,0.035938
30,5,0.584375,0.589844,0.05,0.042188
30,6,0.378125,0.244531,0.08125,0.076562
31,3,0.5125,0.914844,0.040625,0.029688
31,4,0.478125,0.786719,0.05,0.035938
31,5,0.635938,0.672656,0.05,0.042188
31,6,0.429688,0.327344,0.08125,0.076562
31,7,0.585156,0.017969,0.048438,0.035938
32,3,0.460938,0.992188,0.040625,0.015625
32,4,0.426562,0.871094,0.05,0.035938
32,5,0.584375,0.757031,0.05,0.042188
32,6,0.378125,0.411719,0.08125,0.076562
32,7,0.533594,0.101562,0.048438,0.0375
33,4,0.428125,0.953906,0.05,0.035938
33,5,0.585938,0.839844,0.05,0.042188
33,6,0.379688,0.494531,0.08125,0.076562
33,7,0.535156,0.184375,0.048438,0.0375
34,5,0.610938,0.924219,0.05,0.042188
34,6,0.404688,0.578906,0.08125,0.076562
34,7,0.560156,0.26875,0.048438,0.0375
35,6,0.392188,0.661719,0.08125,0.076562
35,7,0.547656,0.351562,0.048438,0.0375
36,6,0.4,0.746094,0.08125,0.076562
36,7,0.555469,0.435938,0.048438,0.0375
37,6,0.4,0.828906,0.08125,0.076562
37,7,0.555469,0.51875,0.048438,0.0375
37,8,0.56875,0.060156,0.084375,0.070312
38,6,0.398438,0.913281,0.08125,0.076562
38,7,0.553906,0.603125,0.048438,0.0375
38,8,0.567188,0.144531,0.084375,0.070312
39,6,0.390625,0.978906,0.08125,0.042188
39,7,0.546094,0.685938,0.048438,0.0375
39,8,0.559375,0.227344,0.084375,0.070312
40,7,0.544531,0.770312,0.048438,0.0375
40,8,0.557812,0.311719,0.084375,0.070312
41,7,0.528906,0.853125,0.048438,0.0375
41,8,0.542188,0.394531,0.084375,0.070312
42,7,0.550781,0.9375,0.048438,0.0375
42,8,0.564062,0.478906,0.084375,0.070312
43,8,0.517188,0.561719,0.084375,0.070312
43,9,0.496875,0.034375,0.04375,0.03125
44,8,0.540625,0.646094,0.084375,0.070312
44,9,0.520312,0.11875,0.04375,0.03125
45,8,0.579688,0.728906,0.084375,0.070312
45,9,0.559375,0.201562,0.04375,0.03125
46,8,0.560938,0.813281,0.084375,0.070312
46,9,0.540625,0.285938,0.04375,0.03125
47,8,0.557812,0.896094,0.084375,0.070312
47,9,0.5375,0.36875,0.04375,0.03125
47,10,0.440625,0.009375,0.059375,0.01875
48,8,0.559375,0.972656,0.084375,0.054688
48,9,0.539062,0.453125,0.04375,0.03125
48,10,0.442188,0.082031,0.059375,0.042188
49,9,0.5375,0.535938,0.04375,0.03125
49,10,0.440625,0.164844,0.059375,0.042188
50,9,0.557812,0.620312,0.04375,0.03125
50,10,0.460938,0.249219,0.059375,0.042188
51,9,0.534375,0.703125,0.04375,0.03125
51,10,0.4375,0.332031,0.059375,0.042188
52,9,0.5375,0.7875,0.04375,0.03125
52,10,0.440625,0.416406,0.059375,0.042188
53,9,0.554688,0.870312,0.04375,0.03125
53,10,0.457812,0.499219,0.059375,0.042188
54,9,0.526562,0.954688,0.04375,0.03125
54,10,0.429688,0.583594,0.059375,0.042188
55,10,0.471875,0.666406,0.059375,0.042188
55,11,0.428906,0.022656,0.048438,0.042188
56,10,0.435938,0.750781,0.059375,0.042188
56,11,0.392969,0.107031,0.048438,0.042188
57,10,0.425,0.833594,0.059375,0.042188
57,11,0.382031,0.189844,0.048438,0.042188
58,10,0.440625,0.917969,0.059375,0.042188
58,11,0.397656,0.274219,0.048438,0.042188
58,12,0.572656,0.021094,0.035938,0.023438
59,10,0.4375,0.989844,0.059375,0.020312
59,11,0.394531,0.357031,0.048438,0.042188
59,12,0.569531,0.103906,0.035938,0.023438
60,11,0.388281,0.441406,0.048438,0.042188
60,12,0.563281,0.188281,0.035938,0.023438
61,11,0.430469,0.524219,0.048438,0.042188
61,12,0.605469,0.271094,0.035938,0.023438
61,13,0.564844,0.064844,0.057812,0.057812
62,11,0.405469,0.608594,0.048438,0.042188
62,12,0.580469,0.355469,0.035938,0.023438
62,13,0.539844,0.149219,0.057812,0.057812
63,11,0.413281,0.691406,0.048438,0.042188
63,12,0.588281,0.438281,0.035938,0.023438
63,13,0.547656,0.232031,0.057812,0.057812
64,11,0.417969,0.775781,0.048438,0.042188
64,12,0.592969,0.522656,0.035938,0.023438
64,13,0.552344,0.316406,0.057812,0.057812
65,11,0.400781,0.858594,0.048438,0.042188
65,12,0.575781,0.605469,0.035938,0.023438
65,13,0.535156,0.399219,0.057812,0.057812
66,11,0.389844,0.942969,0.048438,0.042188
66,12,0.564844,0.689844,0.035938,0.023438
66,13,0.524219,0.483594,0.057812,0.057812
67,12,0.541406,0.772656,0.035938,0.023438
67,13,0.500781,0.566406,0.057812,0.057812
68,12,0.567969,0.857031,0.035938,0.023438
68,13,0.527344,0.650781,0.057812,0.057812
69,12,0.569531,0.939844,0.035938,0.023438
69,13,0.528906,0.733594,0.057812,0.057812
70,13,0.522656,0.817969,0.057812,0.057812
71,13,0.530469,0.900781,0.057812,0.057812
71,14,0.472656,0.05625,0.054688,0.05
72,13,0.549219,0.978125,0.057812,0.04375
72,14,0.491406,0.140625,0.054688,0.05
73,14,0.475781,0.223438,0.054688,0.05
73,15,0.379688,0.01875,0.071875,0.0375
74,14,0.486719,0.307812,0.054688,0.05
74,15,0.390625,0.090625,0.071875,0.0625
75,14,0.480469,0.390625,0.054688,0.05
75,15,0.384375,0.173438,0.071875,0.0625
76,14,0.494531,0.475,0.054688,0.05
76,15,0.398438,0.257812,0.071875,0.0625
76,16,0.361719,0.011719,0.051562,0.023438
77,14,0.466406,0.557812,0.054688,0.05
77,15,0.370312,0.340625,0.071875,0.0625
77,16,0.333594,0.086719,0.051562,0.039062
77,17,0.589062,0.052344,0.075,0.057812
78,14,0.478906,0.642188,0.054688,0.05
78,15,0.382812,0.425,0.071875,0.0625
78,16,0.346094,0.171094,0.051562,0.039062
78,17,0.601562,0.136719,0.075,0.057812
79,14,0.472656,0.725,0.054688,0.05
79,15,0.376562,0.507812,0.071875,0.0625
79,16,0.339844,0.253906,0.051562,0.039062
79,17,0.595312,0.219531,0.075,0.057812
80,14,0.458594,0.809375,0.054688,0.05
80,15,0.3625,0.592188,0.071875,0.0625
80,16,0.325781,0.338281,0.051562,0.039062
80,17,0.58125,0.303906,0.075,0.057812
81,14,0.464844,0.892188,0.054688,0.05
81,15,0.36875,0.675,0.071875,0.0625
81,16,0.332031,0.421094,0.051562,0.039062
81,17,0.5875,0.386719,0.075,0.057812
82,14,0.505469,0.975781,0.054688,0.048438
82,15,0.409375,0.759375,0.071875,0.0625
82,16,0.372656,0.505469,0.051562,0.039062
82,17,0.628125,0.471094,0.075,0.057812
83,15,0.36875,0.842188,0.071875,0.0625
83,16,0.332031,0.588281,0.051562,0.039062
83,17,0.5875,0.553906,0.075,0.057812
83,18,0.646875,0.078125,0.05625,0.04375
84,15,0.384375,0.926562,0.071875,0.0625
84,16,0.347656,0.672656,0.051562,0.039062
84,17,0.603125,0.638281,0.075,0.057812
84,18,0.6625,0.1625,0.05625,0.04375
84,19,0.507031,0.019531,0.029688,0.026562
85,16,0.339844,0.755469,0.051562,0.039062
85,17,0.595312,0.721094,0.075,0.057812
85,18,0.654688,0.245312,0.05625,0.04375
85,19,0.499219,0.102344,0.029688,0.026562
86,16,0.322656,0.839844,0.051562,0.039062
86,17,0.578125,0.805469,0.075,0.057812
86,18,0.6375,0.329688,0.05625,0.04375
86,19,0.482031,0.186719,0.029688,0.026562
87,16,0.311719,0.922656,0.051562,0.039062
87,17,0.567188,0.888281,0.075,0.057812
87,18,0.626562,0.4125,0.05625,0.04375
87,19,0.471094,0.269531,0.029688,0.026562
88,17,0.617188,0.971875,0.075,0.05625
88,18,0.676562,0.496875,0.05625,0.04375
88,19,0.521094,0.353906,0.029688,0.026562
89,18,0.682812,0.579688,0.05625,0.04375
89,19,0.527344,0.436719,0.029688,0.026562
90,18,0.6375,0.664062,0.05625,0.04375
90,19,0.482031,0.521094,0.029688,0.026562
91,18,0.657812,0.748438,0.05625,0.04375
91,19,0.502344,0.605469,0.029688,0.026562
92,18,0.670312,0.83125,0.05625,0.04375
92,19,0.514844,0.688281,0.029688,0.026562
93,18,0.664062,0.915625,0.05625,0.04375
93,19,0.508594,0.772656,0.029688,0.026562
93,20,0.321094,0.017969,0.060938,0.035938
94,18,0.65625,0.988281,0.05625,0.023438
94,19,0.500781,0.855469,0.029688,0.026562
94,20,0.313281,0.09375,0.060938,0.05
94,21,0.400781,0.045312,0.070312,0.0625
95,19,0.524219,0.939844,0.029688,0.026562
95,20,0.336719,0.178125,0.060938,0.05
95,21,0.424219,0.129688,0.070312,0.0625
96,20,0.347656,0.260938,0.060938,0.05
96,21,0.435156,0.2125,0.070312,0.0625
97,20,0.280469,0.345312,0.060938,0.05
97,21,0.367969,0.296875,0.070312,0.0625
98,20,0.310156,0.428125,0.060938,0.05
98,21,0.397656,0.379688,0.070312,0.0625
99,20,0.289844,0.5125,0.060938,0.05
99,21,0.377344,0.464062,0.070312,0.0625
100,20,0.310156,0.595312,0.060938,0.05
100,21,0.397656,0.546875,0.070312,0.0625
101,20,0.347656,0.679688,0.060938,0.05
101,21,0.435156,0.63125,0.070312,0.0625
102,20,0.338281,0.7625,0.060938,0.05
102,21,0.425781,0.714062,0.070312,0.0625
103,20,0.333594,0.846875,0.060938,0.05
103,21,0.421094,0.798438,0.070312,0.0625
104,20,0.317969,0.929688,0.060938,0.05
104,21,0.405469,0.88125,0.070312,0.0625
105,21,0.422656,0.965625,0.070312,0.0625
110,22,0.400781,0.032031,0.067188,0.057812
111,22,0.419531,0.116406,0.067188,0.057812
112,22,0.402344,0.199219,0.067188,0.057812
113,22,0.385156,0.283594,0.067188,0.057812
114,22,0.408594,0.366406,0.067188,0.057812
115,22,0.407031,0.450781,0.067188,0.057812
116,22,0.430469,0.533594,0.067188,0.057812
117,22,0.399219,0.617969,0.067188,0.057812
118,22,0.396094,0.700781,0.067188,0.057812
119,22,0.389844,0.785156,0.067188,0.057812
120,22,0.394531,0.867969,0.067188,0.057812
120,23,0.647656,0.033594,0.042188,0.035938
121,22,0.399219,0.952344,0.067188,0.057812
121,23,0.652344,0.117969,0.042188,0.035938
122,23,0.644531,0.200781,0.042188,0.035938
123,23,0.669531,0.285156,0.042188,0.035938
124,23,0.655469,0.367969,0.042188,0.035938
124,24,0.55,0.040625,0.0625,0.05
125,23,0.671094,0.452344,0.042188,0.035938
125,24,0.565625,0.125,0.0625,0.05
126,23,0.653906,0.535156,0.042188,0.035938
126,24,0.548438,0.207812,0.0625,0.05
127,23,0.644531,0.619531,0.042188,0.035938
127,24,0.539062,0.292188,0.0625,0.05
128,23,0.677344,0.702344,0.042188,0.035938
128,24,0.571875,0.375,0.0625,0.05
129,23,0.646094,0.786719,0.042188,0.035938
129,24,0.540625,0.459375,0.0625,0.05
130,23,0.655469,0.869531,0.042188,0.035938
130,24,0.55,0.542188,0.0625,0.05
131,23,0.644531,0.953906,0.042188,0.035938
131,24,0.539062,0.626562,0.0625,0.05
132,24,0.559375,0.709375,0.0625,0.05
133,24,0.545312,0.79375,0.0625,0.05
134,24,0.539062,0.876562,0.0625,0.05
135,24,0.560938,0.960938,0.0625,0.05
139,25,0.399219,0.040625,0.048438,0.04375
140,25,0.391406,0.123438,0.048438,0.04375
141,25,0.378906,0.207812,0.048438,0.04375
142,25,0.396094,0.290625,0.048438,0.04375
143,25,0.385156,0.375,0.048438,0.04375
144,25,0.377344,0.457812,0.048438,0.04375
145,25,0.377344,0.542188,0.048438,0.04375
146,25,0.369531,0.625,0.048438,0.04375
147,25,0.389844,0.709375,0.048438,0.04375
147,26,0.33125,0.01875,0.078125,0.0375
148,25,0.386719,0.792188,0.048438,0.04375
148,26,0.328125,0.086719,0.078125,0.067188
149,25,0.402344,0.876562,0.048438,0.04375
149,26,0.34375,0.171094,0.078125,0.067188
150,25,0.408594,0.959375,0.048438,0.04375
150,26,0.35,0.253906,0.078125,0.067188
150,27,0.396094,0.025,0.029688,0.028125
151,26,0.320312,0.338281,0.078125,0.067188
151,27,0.366406,0.109375,0.029688,0.028125
152,26,0.321875,0.421094,0.078125,0.067188
152,27,0.367969,0.192188,0.029688,0.028125
153,26,0.325,0.505469,0.078125,0.067188
153,27,0.371094,0.276562,0.029688,0.028125
153,28,0.330469,0.057031,0.073438,0.057812
154,26,0.326562,0.588281,0.078125,0.067188
154,27,0.372656,0.359375,0.029688,0.028125
154,28,0.332031,0.139844,0.073438,0.057812
155,26,0.332812,0.672656,0.078125,0.067188
155,27,0.378906,0.44375,0.029688,0.028125
155,28,0.338281,0.224219,0.073438,0.057812
156,26,0.346875,0.755469,0.078125,0.067188
156,27,0.392969,0.526562,0.029688,0.028125
156,28,0.352344,0.307031,0.073438,0.057812
157,26,0.317188,0.839844,0.078125,0.067188
157,27,0.363281,0.610938,0.029688,0.028125
157,28,0.322656,0.391406,0.073438,0.057812
157,29,0.600781,0.01875,0.082812,0.0375
158,26,0.307812,0.922656,0.078125,0.067188
158,27,0.353906,0.69375,0.029688,0.028125
158,28,0.313281,0.474219,0.073438,0.057812
158,29,0.591406,0.089062,0.082812,0.0625
158,30,0.488281,0.044531,0.067188,0.051562
159,27,0.394531,0.778125,0.029688,0.028125
159,28,0.353906,0.558594,0.073438,0.057812
159,29,0.632031,0.173438,0.082812,0.0625
159,30,0.528906,0.128906,0.067188,0.051562
160,27,0.377344,0.860938,0.029688,0.028125
160,28,0.336719,0.641406,0.073438,0.057812
160,29,0.614844,0.25625,0.082812,0.0625
160,30,0.511719,0.211719,0.067188,0.051562
161,27,0.352344,0.945312,0.029688,0.028125
161,28,0.311719,0.725781,0.073438,0.057812
161,29,0.589844,0.340625,0.082812,0.0625
161,30,0.486719,0.296094,0.067188,0.051562
162,28,0.355469,0.808594,0.073438,0.057812
162,29,0.633594,0.423438,0.082812,0.0625
162,30,0.530469,0.378906,0.067188,0.051562
163,28,0.330469,0.892969,0.073438,0.057812
163,29,0.608594,0.507812,0.082812,0.0625
163,30,0.505469,0.463281,0.067188,0.051562
164,28,0.310156,0.973438,0.073438,0.053125
164,29,0.588281,0.590625,0.082812,0.0625
164,30,0.485156,0.546094,0.067188,0.051562
165,29,0.591406,0.675,0.082812,0.0625
165,30,0.488281,0.630469,0.067188,0.051562
165,31,0.626562,0.076562,0.078125,0.065625
166,29,0.630469,0.757812,0.082812,0.0625
166,30,0.527344,0.713281,0.067188,0.051562
166,31,0.665625,0.159375,0.078125,0.065625
167,29,0.621094,0.842188,0.082812,0.0625
167,30,0.517969,0.797656,0.067188,0.051562
167,31,0.65625,0.24375,0.078125,0.065625
168,29,0.613281,0.925,0.082812,0.0625
168,30,0.510156,0.880469,0.067188,0.051562
168,31,0.648438,0.326562,0.078125,0.065625
169,30,0.500781,0.964844,0.067188,0.051562
169,31,0.639062,0.410938,0.078125,0.065625
170,31,0.651562,0.49375,0.078125,0.065625
170,32,0.417188,0.049219,0.046875,0.035938
171,31,0.632812,0.578125,0.078125,0.065625
171,32,0.398438,0.133594,0.046875,0.035938
172,31,0.653125,0.660938,0.078125,0.065625
172,32,0.41875,0.216406,0.046875,0.035938
172,33,0.392969,0.010938,0.073438,0.021875
173,31,0.659375,0.745312,0.078125,0.065625
173,32,0.425,0.300781,0.046875,0.035938
173,33,0.399219,0.079688,0.073438,0.053125
174,31,0.6375,0.828125,0.078125,0.065625
174,32,0.403125,0.383594,0.046875,0.035938
174,33,0.377344,0.1625,0.073438,0.053125
175,31,0.6375,0.9125,0.078125,0.065625
175,32,0.403125,0.467969,0.046875,0.035938
175,33,0.377344,0.246875,0.073438,0.053125
176,31,0.646875,0.98125,0.078125,0.0375
176,32,0.4125,0.550781,0.046875,0.035938
176,33,0.386719,0.329688,0.073438,0.053125
177,32,0.40625,0.635156,0.046875,0.035938
177,33,0.380469,0.414062,0.073438,0.053125
178,32,0.420312,0.717969,0.046875,0.035938
178,33,0.394531,0.496875,0.073438,0.053125
178,34,0.416406,0.010938,0.060938,0.021875
179,32,0.454688,0.802344,0.046875,0.035938
179,33,0.428906,0.58125,0.073438,0.053125
179,34,0.450781,0.080469,0.060938,0.051562
180,32,0.478125,0.885156,0.046875,0.035938
180,33,0.452344,0.664062,0.073438,0.053125
180,34,0.474219,0.163281,0.060938,0.051562
181,32,0.396875,0.969531,0.046875,0.035938
181,33,0.371094,0.748438,0.073438,0.053125
181,34,0.392969,0.247656,0.060938,0.051562
182,33,0.382031,0.832812,0.073438,0.053125
182,34,0.403906,0.332031,0.060938,0.051562
183,33,0.391406,0.915625,0.073438,0.053125
183,34,0.413281,0.414844,0.060938,0.051562
183,35,0.376562,0.030469,0.04375,0.035938
184,33,0.396094,0.986719,0.073438,0.026562
184,34,0.417969,0.499219,0.060938,0.051562
184,35,0.38125,0.114844,0.04375,0.035938
184,36,0.595312,0.033594,0.078125,0.067188
185,34,0.416406,0.582031,0.060938,0.051562
185,35,0.379688,0.197656,0.04375,0.035938
185,36,0.59375,0.115625,0.078125,0.06875
186,34,0.417969,0.666406,0.060938,0.051562
186,35,0.38125,0.282031,0.04375,0.035938
186,36,0.595312,0.2,0.078125,0.06875
187,34,0.399219,0.749219,0.060938,0.051562
187,35,0.3625,0.364844,0.04375,0.035938
187,36,0.576562,0.282812,0.078125,0.06875
188,34,0.438281,0.833594,0.060938,0.051562
188,35,0.401562,0.449219,0.04375,0.035938
188,36,0.615625,0.367188,0.078125,0.06875
188,37,0.5625,0.065625,0.090625,0.06875
189,34,0.449219,0.916406,0.060938,0.051562
189,35,0.4125,0.532031,0.04375,0.035938
189,36,0.626562,0.45,0.078125,0.06875
189,37,0.573438,0.148438,0.090625,0.06875
189,38,0.549219,0.039844,0.032812,0.026562
190,34,0.424219,0.9875,0.060938,0.025
190,35,0.3875,0.616406,0.04375,0.035938
190,36,0.601562,0.534375,0.078125,0.06875
190,37,0.548438,0.232812,0.090625,0.06875
190,38,0.524219,0.124219,0.032812,0.026562
190,39,0.451562,0.01875,0.065625,0.0375
191,35,0.384375,0.699219,0.04375,0.035938
191,36,0.598438,0.617188,0.078125,0.06875
191,37,0.545312,0.315625,0.090625,0.06875
191,38,0.521094,0.207031,0.032812,0.026562
191,39,0.448438,0.095312,0.065625,0.05
192,35,0.407812,0.783594,0.04375,0.035938
192,36,0.621875,0.701562,0.078125,0.06875
192,37,0.56875,0.4,0.090625,0.06875
192,38,0.544531,0.291406,0.032812,0.026562
192,39,0.471875,0.179688,0.065625,0.05
193,35,0.384375,0.866406,0.04375,0.035938
193,36,0.598438,0.784375,0.078125,0.06875
193,37,0.545312,0.482812,0.090625,0.06875
193,38,0.521094,0.374219,0.032812,0.026562
193,39,0.448438,0.2625,0.065625,0.05
194,35,0.373438,0.950781,0.04375,0.035938
194,36,0.5875,0.86875,0.078125,0.06875
194,37,0.534375,0.567188,0.090625,0.06875
194,38,0.510156,0.458594,0.032812,0.026562
194,39,0.4375,0.346875,0.065625,0.05
194,40,0.550781,0.065625,0.039062,0.034375
195,36,0.584375,0.951562,0.078125,0.06875
195,37,0.53125,0.65,0.090625,0.06875
195,38,0.507031,0.541406,0.032812,0.026562
195,39,0.434375,0.429688,0.065625,0.05
195,40,0.547656,0.148438,0.039062,0.034375
196,37,0.54375,0.734375,0.090625,0.06875
196,38,0.519531,0.625781,0.032812,0.026562
196,39,0.446875,0.514062,0.065625,0.05
196,40,0.560156,0.232812,0.039062,0.034375
197,37,0.526562,0.817188,0.090625,0.06875
197,38,0.502344,0.708594,0.032812,0.026562
197,39,0.429688,0.596875,0.065625,0.05
197,40,0.542969,0.315625,0.039062,0.034375
198,37,0.53125,0.901562,0.090625,0.06875
198,38,0.507031,0.792969,0.032812,0.026562
198,39,0.434375,0.68125,0.065625,0.05
198,40,0.547656,0.4,0.039062,0.034375
199,37,0.528125,0.975,0.090625,0.05
199,38,0.503906,0.875781,0.032812,0.026562
199,39,0.43125,0.764062,0.065625,0.05
199,40,0.544531,0.482812,0.039062,0.034375
200,38,0.514844,0.960156,0.032812,0.026562
200,39,0.442188,0.848438,0.065625,0.05
200,40,0.555469,0.567188,0.039062,0.034375
201,39,0.45,0.93125,0.065625,0.05
201,40,0.563281,0.65,0.039062,0.034375
202,40,0.577344,0.734375,0.039062,0.034375
203,40,0.549219,0.817188,0.039062,0.034375
204,40,0.528906,0.901562,0.039062,0.034375
205,40,0.521094,0.983594,0.039062,0.032812
221,41,0.603906,0.053906,0.057812,0.051562
222,41,0.600781,0.138281,0.057812,0.051562
223,41,0.608594,0.221094,0.057812,0.051562
223,42,0.683594,0.014062,0.035938,0.028125
224,41,0.613281,0.305469,0.057812,0.051562
224,42,0.688281,0.097656,0.035938,0.029688
225,41,0.610156,0.388281,0.057812,0.051562
225,42,0.685156,0.180469,0.035938,0.029688
225,43,0.464062,0.075,0.05625,0.040625
226,41,0.594531,0.472656,0.057812,0.051562
226,42,0.669531,0.264844,0.035938,0.029688
226,43,0.448438,0.159375,0.05625,0.040625
226,44,0.357812,0.054688,0.04375,0.0375
227,41,0.610156,0.555469,0.057812,0.051562
227,42,0.685156,0.347656,0.035938,0.029688
227,43,0.464062,0.242188,0.05625,0.040625
227,44,0.373438,0.1375,0.04375,0.0375
228,41,0.616406,0.639844,0.057812,0.051562
228,42,0.691406,0.432031,0.035938,0.029688
228,43,0.470312,0.326562,0.05625,0.040625
228,44,0.379688,0.221875,0.04375,0.0375
229,41,0.607031,0.722656,0.057812,0.051562
229,42,0.682031,0.514844,0.035938,0.029688
229,43,0.460938,0.409375,0.05625,0.040625
229,44,0.370312,0.304688,0.04375,0.0375
230,41,0.632031,0.807031,0.057812,0.051562
230,42,0.707031,0.599219,0.035938,0.029688
230,43,0.485938,0.49375,0.05625,0.040625
230,44,0.395312,0.389062,0.04375,0.0375
231,41,0.602344,0.889844,0.057812,0.051562
231,42,0.677344,0.682031,0.035938,0.029688
231,43,0.45625,0.576562,0.05625,0.040625
231,44,0.365625,0.471875,0.04375,0.0375
232,41,0.611719,0.974219,0.057812,0.051562
232,42,0.686719,0.766406,0.035938,0.029688
232,43,0.465625,0.660938,0.05625,0.040625
232,44,0.375,0.55625,0.04375,0.0375
233,42,0.688281,0.849219,0.035938,0.029688
233,43,0.467188,0.74375,0.05625,0.040625
233,44,0.376562,0.639062,0.04375,0.0375
234,42,0.699219,0.933594,0.035938,0.029688
234,43,0.478125,0.828125,0.05625,0.040625
234,44,0.3875,0.723438,0.04375,0.0375
235,43,0.471875,0.910938,0.05625,0.040625
235,44,0.38125,0.80625,0.04375,0.0375
236,43,0.478125,0.9875,0.05625,0.025
236,44,0.3875,0.890625,0.04375,0.0375
237,44,0.382812,0.973438,0.04375,0.0375
