frame,split,timestamp,lat,lon,alt_m
0,train,1758000000.000,12.9048260,80.2274189,8.6
1,train,1758000000.250,12.9048372,80.2274207,8.6
2,train,1758000000.500,12.9048485,80.2274173,8.6
3,train,1758000000.750,12.9048597,80.2274195,8.6
4,train,1758000001.000,12.9048709,80.2274201,8.6
5,train,1758000001.250,12.9048821,80.2274181,8.6
6,train,1758000001.500,12.9048934,80.2274203,8.6
7,train,1758000001.750,12.9049046,80.2274228,8.6
8,train,1758000002.000,12.9049158,80.2274226,8.6
9,train,1758000002.250,12.9049271,80.2274182,8.6
10,train,1758000002.500,12.9049383,80.2274176,8.6
11,train,1758000002.750,12.9049495,80.2274217,8.6
12,train,1758000003.000,12.9049607,80.2274211,8.6
13,train,1758000003.250,12.9049720,80.2274222,8.6
14,train,1758000003.500,12.9049832,80.2274175,8.6
15,train,1758000003.750,12.9049944,80.2274160,8.6
16,train,1758000004.000,12.9050057,80.2274182,8.6
17,train,1758000004.250,12.9050169,80.2274186,8.6
18,train,1758000004.500,12.9050281,80.2274195,8.6
19,train,1758000004.750,12.9050393,80.2274214,8.6
20,train,1758000005.000,12.9050506,80.2274214,8.6
21,train,1758000005.250,12.9050618,80.2274185,8.6
22,train,1758000005.500,12.9050730,80.2274175,8.6
23,train,1758000005.750,12.9050843,80.2274195,8.6
24,train,1758000006.000,12.9050955,80.2274193,8.6
25,train,1758000006.250,12.9051067,80.2274195,8.6
26,train,1758000006.500,12.9051180,80.2274146,8.6
27,train,1758000006.750,12.9051292,80.2274155,8.6
28,train,1758000007.000,12.9051404,80.2274213,8.6
29,train,1758000007.250,12.9051516,80.2274170,8.6
30,train,1758000007.500,12.9051629,80.2274208,8.6
31,train,1758000007.750,12.9051741,80.2274134,8.6
32,train,1758000008.000,12.9051853,80.2274209,8.6
33,train,1758000008.250,12.9051966,80.2274205,8.6
34,train,1758000008.500,12.9052078,80.2274169,8.6
35,train,1758000008.750,12.9052190,80.2274187,8.6
36,train,1758000009.000,12.9052302,80.2274176,8.6
37,train,1758000009.250,12.9052415,80.2274177,8.6
38,train,1758000009.500,12.9052527,80.2274178,8.6
39,train,1758000009.750,12.9052639,80.2274192,8.6
40,train,1758000010.000,12.9052752,80.2274194,8.6
41,train,1758000010.250,12.9052864,80.2274214,8.6
42,train,1758000010.500,12.9052976,80.2274182,8.6
43,train,1758000010.750,12.9053088,80.2274250,8.6
44,train,1758000011.000,12.9053201,80.2274216,8.6
45,train,1758000011.250,12.9053313,80.2274162,8.6
46,train,1758000011.500,12.9053425,80.2274187,8.6
47,train,1758000011.750,12.9053538,80.2274194,8.6
48,train,1758000012.000,12.9053650,80.2274190,8.6
49,train,1758000012.250,12.9053762,80.2274193,8.6
50,train,1758000012.500,12.9053874,80.2274164,8.6
51,train,1758000012.750,12.9053987,80.2274198,8.6
52,train,1758000013.000,12.9054099,80.2274194,8.6
53,train,1758000013.250,12.9054211,80.2274167,8.6
54,train,1758000013.500,12.9054324,80.2274208,8.6
55,train,1758000013.750,12.9054436,80.2274149,8.6
56,train,1758000014.000,12.9054548,80.2274199,8.6
57,train,1758000014.250,12.9054660,80.2274214,8.6
58,train,1758000014.500,12.9054773,80.2274194,8.6
59,train,1758000014.750,12.9054885,80.2274198,8.6
60,train,1758000015.000,12.9054997,80.2274207,8.6
61,train,1758000015.250,12.9055110,80.2274145,8.6
62,train,1758000015.500,12.9055222,80.2274181,8.6
63,train,1758000015.750,12.9055334,80.2274170,8.6
64,train,1758000016.000,12.9055446,80.2274163,8.6
65,train,1758000016.250,12.9055559,80.2274187,8.6
66,train,1758000016.500,12.9055671,80.2274204,8.6
67,train,1758000016.750,12.9055783,80.2274235,8.6
68,train,1758000017.000,12.9055896,80.2274200,8.6
69,train,1758000017.250,12.9056008,80.2274198,8.6
70,train,1758000017.500,12.9056120,80.2274207,8.6
71,train,1758000017.750,12.9056233,80.2274195,8.6
72,train,1758000018.000,12.9056345,80.2274168,8.6
73,train,1758000018.250,12.9056457,80.2274189,8.6
74,train,1758000018.500,12.9056569,80.2274173,8.6
75,train,1758000018.750,12.9056682,80.2274182,8.6
76,train,1758000019.000,12.9056794,80.2274162,8.6
77,train,1758000019.250,12.9056906,80.2274203,8.6
78,train,1758000019.500,12.9057019,80.2274184,8.6
79,train,1758000019.750,12.9057131,80.2274196,8.6
80,train,1758000020.000,12.9057243,80.2274214,8.6
81,train,1758000020.250,12.9057355,80.2274206,8.6
82,train,1758000020.500,12.9057468,80.2274147,8.6
83,train,1758000020.750,12.9057580,80.2274205,8.6
84,train,1758000021.000,12.9057692,80.2274183,8.6
85,train,1758000021.250,12.9057805,80.2274195,8.6
86,train,1758000021.500,12.9057917,80.2274218,8.6
87,train,1758000021.750,12.9058029,80.2274235,8.6
88,train,1758000022.000,12.9058141,80.2274163,8.6
89,train,1758000022.250,12.9058254,80.2274155,8.6
90,train,1758000022.500,12.9058366,80.2274220,8.6
91,train,1758000022.750,12.9058478,80.2274190,8.6
92,train,1758000023.000,12.9058591,80.2274171,8.6
93,train,1758000023.250,12.9058703,80.2274181,8.6
94,train,1758000023.500,12.9058815,80.2274194,8.6
95,train,1758000023.750,12.9058927,80.2274160,8.6
96,train,1758000024.000,12.9059040,80.2274143,8.6
97,train,1758000024.250,12.9059152,80.2274238,8.6
98,train,1758000024.500,12.9059264,80.2274198,8.6
99,train,1758000024.750,12.9059377,80.2274226,8.6
100,train,1758000025.000,12.9059489,80.2274198,8.6
101,train,1758000025.250,12.9059601,80.2274143,8.6
102,train,1758000025.500,12.9059713,80.2274156,8.6
103,train,1758000025.750,12.9059826,80.2274163,8.6
104,train,1758000026.000,12.9059938,80.2274185,8.6
105,train,1758000026.250,12.9060050,80.2274160,8.6
106,train,1758000026.500,12.9060163,80.2274210,8.6
107,train,1758000026.750,12.9060275,80.2274199,8.6
108,train,1758000027.000,12.9060387,80.2274181,8.6
109,train,1758000027.250,12.9060499,80.2274185,8.6
110,train,1758000027.500,12.9060612,80.2274192,8.6
111,train,1758000027.750,12.9060724,80.2274166,8.6
112,train,1758000028.000,12.9060836,80.2274188,8.6
113,train,1758000028.250,12.9060949,80.2274214,8.6
114,train,1758000028.500,12.9061061,80.2274180,8.6
115,train,1758000028.750,12.9061173,80.2274183,8.6
116,train,1758000029.000,12.9061286,80.2274151,8.6
117,train,1758000029.250,12.9061398,80.2274195,8.6
118,train,1758000029.500,12.9061510,80.2274199,8.6
119,train,1758000029.750,12.9061622,80.2274209,8.6
120,train,1758000030.000,12.9061735,80.2274203,8.6
121,train,1758000030.250,12.9061847,80.2274195,8.6
122,train,1758000030.500,12.9061959,80.2274205,8.6
123,train,1758000030.750,12.9062072,80.2274170,8.6
124,train,1758000031.000,12.9062184,80.2274190,8.6
125,train,1758000031.250,12.9062296,80.2274168,8.6
126,train,1758000031.500,12.9062408,80.2274193,8.6
127,train,1758000031.750,12.9062521,80.2274207,8.6
128,train,1758000032.000,12.9062633,80.2274159,8.6
129,train,1758000032.250,12.9062745,80.2274203,8.6
130,train,1758000032.500,12.9062858,80.2274192,8.6
131,train,1758000032.750,12.9062970,80.2274206,8.6
132,train,1758000033.000,12.9063082,80.2274176,8.6
133,train,1758000033.250,12.9063194,80.2274198,8.6
134,train,1758000033.500,12.9063307,80.2274206,8.6
135,train,1758000033.750,12.9063419,80.2274174,8.6
136,train,1758000034.000,12.9063531,80.2274195,8.6
137,train,1758000034.250,12.9063644,80.2274147,8.6
138,train,1758000034.500,12.9063756,80.2274185,8.6
139,train,1758000034.750,12.9063868,80.2274178,8.6
140,train,1758000035.000,12.9063980,80.2274189,8.6
141,train,1758000035.250,12.9064093,80.2274207,8.6
142,train,1758000035.500,12.9064205,80.2274183,8.6
143,train,1758000035.750,12.9064317,80.2274201,8.6
144,train,1758000036.000,12.9064430,80.2274210,8.6
145,train,1758000036.250,12.9064542,80.2274211,8.6
146,train,1758000036.500,12.9064654,80.2274222,8.6
147,train,1758000036.750,12.9064766,80.2274194,8.6
148,train,1758000037.000,12.9064879,80.2274198,8.6
149,train,1758000037.250,12.9064991,80.2274174,8.6
150,train,1758000037.500,12.9065103,80.2274165,8.6
151,train,1758000037.750,12.9065216,80.2274208,8.6
152,train,1758000038.000,12.9065328,80.2274206,8.6
153,train,1758000038.250,12.9065440,80.2274202,8.6
154,train,1758000038.500,12.9065552,80.2274199,8.6
155,train,1758000038.750,12.9065665,80.2274191,8.6
156,train,1758000039.000,12.9065777,80.2274170,8.6
157,train,1758000039.250,12.9065889,80.2274212,8.6
158,train,1758000039.500,12.9066002,80.2274226,8.6
159,train,1758000039.750,12.9066114,80.2274168,8.6
160,val,1758000040.000,12.9066226,80.2274193,8.6
161,val,1758000040.250,12.9066339,80.2274227,8.6
162,val,1758000040.500,12.9066451,80.2274166,8.6
163,val,1758000040.750,12.9066563,80.2274202,8.6
164,val,1758000041.000,12.9066675,80.2274231,8.6
165,val,1758000041.250,12.9066788,80.2274226,8.6
166,val,1758000041.500,12.9066900,80.2274169,8.6
167,val,1758000041.750,12.9067012,80.2274183,8.6
168,val,1758000042.000,12.9067125,80.2274196,8.6
169,val,1758000042.250,12.9067237,80.2274209,8.6
170,val,1758000042.500,12.9067349,80.2274189,8.6
171,val,1758000042.750,12.9067461,80.2274216,8.6
172,val,1758000043.000,12.9067574,80.2274187,8.6
173,val,1758000043.250,12.9067686,80.2274178,8.6
174,val,1758000043.500,12.9067798,80.2274211,8.6
175,val,1758000043.750,12.9067911,80.2274210,8.6
176,val,1758000044.000,12.9068023,80.2274198,8.6
177,val,1758000044.250,12.9068135,80.2274207,8.6
178,val,1758000044.500,12.9068247,80.2274185,8.6
179,val,1758000044.750,12.9068360,80.2274137,8.6
180,val,1758000045.000,12.9068472,80.2274105,8.6
181,val,1758000045.250,12.9068584,80.2274219,8.6
182,val,1758000045.500,12.9068697,80.2274205,8.6
183,val,1758000045.750,12.9068809,80.2274190,8.6
184,val,1758000046.000,12.9068921,80.2274182,8.6
185,val,1758000046.250,12.9069033,80.2274185,8.6
186,val,1758000046.500,12.9069146,80.2274182,8.6
187,val,1758000046.750,12.9069258,80.2274211,8.6
188,val,1758000047.000,12.9069370,80.2274154,8.6
189,val,1758000047.250,12.9069483,80.2274140,8.6
190,val,1758000047.500,12.9069595,80.2274175,8.6
191,val,1758000047.750,12.9069707,80.2274179,8.6
192,val,1758000048.000,12.9069819,80.2274146,8.6
193,val,1758000048.250,12.9069932,80.2274178,8.6
194,val,1758000048.500,12.9070044,80.2274196,8.6
195,val,1758000048.750,12.9070156,80.2274200,8.6
196,val,1758000049.000,12.9070269,80.2274180,8.6
197,val,1758000049.250,12.9070381,80.2274207,8.6
198,val,1758000049.500,12.9070493,80.2274199,8.6
199,val,1758000049.750,12.9070605,80.2274203,8.6
200,train,1758000050.000,12.9070718,80.2274187,8.6
201,train,1758000050.250,12.9070830,80.2274176,8.6
202,train,1758000050.500,12.9070942,80.2274157,8.6
203,train,1758000050.750,12.9071055,80.2274198,8.6
204,train,1758000051.000,12.9071167,80.2274225,8.6
205,train,1758000051.250,12.9071279,80.2274236,8.6
206,train,1758000051.500,12.9071392,80.2274186,8.6
207,train,1758000051.750,12.9071504,80.2274177,8.6
208,train,1758000052.000,12.9071616,80.2274172,8.6
209,train,1758000052.250,12.9071728,80.2274171,8.6
210,train,1758000052.500,12.9071841,80.2274214,8.6
211,train,1758000052.750,12.9071953,80.2274199,8.6
212,train,1758000053.000,12.9072065,80.2274216,8.6
213,train,1758000053.250,12.9072178,80.2274183,8.6
214,train,1758000053.500,12.9072290,80.2274215,8.6
215,train,1758000053.750,12.9072402,80.2274181,8.6
216,train,1758000054.000,12.9072514,80.2274241,8.6
217,train,1758000054.250,12.9072627,80.2274208,8.6
218,train,1758000054.500,12.9072739,80.2274202,8.6
219,train,1758000054.750,12.9072851,80.2274163,8.6
220,train,1758000055.000,12.9072964,80.2274197,8.6
221,train,1758000055.250,12.9073076,80.2274203,8.6
222,train,1758000055.500,12.9073188,80.2274207,8.6
223,train,1758000055.750,12.9073300,80.2274197,8.6
224,train,1758000056.000,12.9073413,80.2274190,8.6
225,train,1758000056.250,12.9073525,80.2274196,8.6
226,train,1758000056.500,12.9073637,80.2274216,8.6
227,train,1758000056.750,12.9073750,80.2274195,8.6
228,train,1758000057.000,12.9073862,80.2274185,8.6
229,train,1758000057.250,12.9073974,80.2274201,8.6
230,train,1758000057.500,12.9074086,80.2274163,8.6
231,train,1758000057.750,12.9074199,80.2274206,8.6
232,train,1758000058.000,12.9074311,80.2274193,8.6
233,train,1758000058.250,12.9074423,80.2274191,8.6
234,train,1758000058.500,12.9074536,80.2274175,8.6
235,train,1758000058.750,12.9074648,80.2274182,8.6
236,train,1758000059.000,12.9074760,80.2274175,8.6
237,train,1758000059.250,12.9074872,80.2274180,8.6
238,train,1758000059.500,12.9074985,80.2274186,8.6
239,train,1758000059.750,12.9075097,80.2274215,8.6
