id,lat,lon,diameter_m
0,12.9049073,80.2274326,1.03
1,12.9049634,80.2274407,0.67
2,12.9049821,80.2274219,0.74
3,12.9051185,80.2274159,0.51
4,12.9051354,80.2274104,0.6
5,12.9051505,80.2274323,0.66
6,12.9051982,80.2274039,1.16
7,12.9052392,80.2274254,0.65
8,12.9053000,80.2274273,1.19
9,12.9053712,80.2274244,0.57
10,12.9054209,80.2274114,0.75
11,12.9055077,80.2274054,0.67
12,12.9055418,80.2274294,0.5
13,12.9055696,80.2274238,0.84
14,12.9056826,80.2274160,0.76
15,12.9057119,80.2274027,0.94
16,12.9057458,80.2273972,0.64
17,12.9057501,80.2274320,1.07
18,12.9058146,80.2274410,0.82
19,12.9058338,80.2274197,0.42
20,12.9059361,80.2273947,0.88
21,12.9059418,80.2274056,1.0
22,12.9061236,80.2274059,0.98
23,12.9062361,80.2274404,0.58
24,12.9062798,80.2274262,0.82
25,12.9064482,80.2274044,0.73
26,12.9065432,80.2273967,1.15
27,12.9065739,80.2274024,0.42
28,12.9066038,80.2273969,1.02
29,12.9066556,80.2274352,1.08
30,12.9066613,80.2274209,0.87
31,12.9067354,80.2274392,1.0
32,12.9067953,80.2274079,0.64
33,12.9068254,80.2274047,0.95
34,12.9068920,80.2274074,0.81
35,12.9069440,80.2274018,0.54
36,12.9069548,80.2274308,1.14
37,12.9069953,80.2274240,1.14
38,12.9070101,80.2274214,0.43
39,12.9070249,80.2274110,0.87
40,12.9070630,80.2274266,0.54
41,12.9073671,80.2274347,0.79
42,12.9073954,80.2274452,0.49
43,12.9074095,80.2274145,0.74
44,12.9074234,80.2274020,0.6
