timestamp,lat,lon,alt_m,heading_deg,ground_speed_mps
1758000000.000,12.9048310,80.2274226,8.56,358.6,5.02
1758000000.100,12.9048325,80.2274191,8.57,0.3,4.99
1758000000.200,12.9048352,80.2274189,8.57,359.8,5.13
1758000000.300,12.9048381,80.2274237,8.58,0.7,5.24
1758000000.400,12.9048491,80.2274169,8.67,0.9,5.08
1758000000.500,12.9048508,80.2274150,8.56,359.7,5.02
1758000000.600,12.9048497,80.2274147,8.52,359.6,4.89
1758000000.700,12.9048582,80.2274227,8.8,2.2,5.18
1758000000.800,12.9048681,80.2274192,8.58,358.3,4.89
1758000000.900,12.9048713,80.2274210,8.66,357.7,4.76
1758000001.000,12.9048749,80.2274205,8.71,1.2,5.3
1758000001.100,12.9048775,80.2274124,8.71,359.4,4.7
1758000001.200,12.9048805,80.2274224,8.69,359.0,5.05
1758000001.300,12.9048868,80.2274184,8.55,0.3,4.88
1758000001.400,12.9048919,80.2274217,8.51,1.2,4.98
1758000001.500,12.9048884,80.2274170,8.56,359.9,4.81
1758000001.600,12.9048991,80.2274228,8.56,358.6,5.16
1758000001.700,12.9049045,80.2274193,8.7,2.1,4.92
1758000001.800,12.9049092,80.2274151,8.6,1.3,4.9
1758000001.900,12.9049098,80.2274217,8.61,359.4,5.14
1758000002.000,12.9049179,80.2274211,8.59,358.5,5.12
1758000002.100,12.9049205,80.2274209,8.57,1.1,5.13
1758000002.200,12.9049206,80.2274184,8.62,358.5,4.64
1758000002.300,12.9049305,80.2274193,8.45,359.9,5.0
1758000002.400,12.9049325,80.2274222,8.38,358.8,5.12
1758000002.500,12.9049389,80.2274164,8.7,1.8,5.34
1758000002.600,12.9049401,80.2274209,8.47,2.6,4.85
1758000002.700,12.9049518,80.2274211,8.61,1.2,5.05
1758000002.800,12.9049500,80.2274190,8.71,358.5,4.9
1758000002.900,12.9049535,80.2274152,8.43,359.1,5.1
1758000003.000,12.9049628,80.2274221,8.59,359.7,4.94
1758000003.100,12.9049673,80.2274195,8.65,359.5,4.92
1758000003.200,12.9049727,80.2274215,8.66,359.4,5.15
1758000003.300,12.9049762,80.2274181,8.47,359.2,4.91
1758000003.400,12.9049775,80.2274138,8.61,1.4,4.8
1758000003.500,12.9049793,80.2274209,8.73,359.4,4.98
1758000003.600,12.9049883,80.2274200,8.52,357.7,5.26
1758000003.700,12.9049977,80.2274191,8.41,1.9,4.85
1758000003.800,12.9049984,80.2274140,8.43,357.7,5.03
1758000003.900,12.9049974,80.2274166,8.55,1.8,4.69
1758000004.000,12.9050030,80.2274224,8.63,357.3,5.26
1758000004.100,12.9050127,80.2274173,8.81,0.3,4.84
1758000004.200,12.9050174,80.2274226,8.6,1.4,4.92
1758000004.300,12.9050166,80.2274154,8.58,0.3,4.95
1758000004.400,12.9050236,80.2274172,8.68,1.8,4.98
1758000004.500,12.9050276,80.2274195,8.57,1.1,4.79
1758000004.600,12.9050311,80.2274217,8.57,357.5,4.9
1758000004.700,12.9050393,80.2274167,8.57,0.9,4.77
1758000004.800,12.9050393,80.2274233,8.57,0.1,4.92
1758000004.900,12.9050437,80.2274189,8.44,1.5,4.99
1758000005.000,12.9050484,80.2274206,8.68,359.6,4.94
1758000005.100,12.9050590,80.2274219,8.72,0.1,5.27
1758000005.200,12.9050614,80.2274164,8.62,359.4,5.02
1758000005.300,12.9050674,80.2274187,8.74,358.8,4.96
1758000005.400,12.9050652,80.2274124,8.54,1.8,5.1
1758000005.500,12.9050755,80.2274118,8.53,0.5,5.15
1758000005.600,12.9050802,80.2274208,8.65,357.1,5.05
1758000005.700,12.9050821,80.2274229,8.55,0.3,5.13
1758000005.800,12.9050845,80.2274229,8.41,0.6,5.58
1758000005.900,12.9050964,80.2274225,8.67,357.9,4.9
1758000006.000,12.9050922,80.2274189,8.54,0.8,5.08
1758000006.100,12.9051001,80.2274168,8.53,0.3,4.79
1758000006.200,12.9050996,80.2274192,8.4,2.8,5.2
1758000006.300,12.9051083,80.2274193,8.71,358.2,5.18
1758000006.400,12.9051096,80.2274135,8.52,358.6,4.47
1758000006.500,12.9051177,80.2274168,8.66,1.1,5.11
1758000006.600,12.9051246,80.2274194,8.51,0.0,5.07
1758000006.700,12.9051281,80.2274208,8.7,2.3,4.86
1758000006.800,12.9051313,80.2274218,8.57,359.3,5.28
1758000006.900,12.9051377,80.2274168,8.58,0.1,5.02
1758000007.000,12.9051394,80.2274207,8.68,359.1,5.15
1758000007.100,12.9051447,80.2274167,8.48,358.5,5.07
1758000007.200,12.9051497,80.2274180,8.67,359.0,4.68
1758000007.300,12.9051545,80.2274177,8.8,359.6,4.94
1758000007.400,12.9051589,80.2274209,8.61,0.9,5.01
1758000007.500,12.9051628,80.2274172,8.46,1.0,5.5
1758000007.600,12.9051673,80.2274234,8.62,0.2,5.1
1758000007.700,12.9051697,80.2274206,8.59,359.4,4.8
1758000007.800,12.9051737,80.2274200,8.68,0.6,5.01
1758000007.900,12.9051786,80.2274200,8.77,358.4,4.61
1758000008.000,12.9051852,80.2274192,8.59,359.4,4.84
1758000008.100,12.9051872,80.2274167,8.48,359.7,5.12
1758000008.200,12.9051964,80.2274197,8.71,0.6,5.07
1758000008.300,12.9052008,80.2274132,8.52,359.1,5.34
1758000008.400,12.9052037,80.2274204,8.66,0.9,5.13
1758000008.500,12.9052085,80.2274155,8.61,1.7,4.76
1758000008.600,12.9052109,80.2274226,8.57,1.9,4.98
1758000008.700,12.9052168,80.2274196,8.53,1.6,4.78
1758000008.800,12.9052221,80.2274186,8.76,358.1,4.67
1758000008.900,12.9052233,80.2274187,8.47,0.3,5.18
1758000009.000,12.9052307,80.2274189,8.62,358.6,4.95
1758000009.100,12.9052308,80.2274202,8.56,359.3,4.95
1758000009.200,12.9052386,80.2274181,8.68,358.9,4.98
1758000009.300,12.9052436,80.2274203,8.71,1.0,4.91
1758000009.400,12.9052500,80.2274172,8.58,358.9,5.09
1758000009.500,12.9052477,80.2274195,8.44,359.0,4.93
1758000009.600,12.9052582,80.2274214,8.58,356.8,5.1
1758000009.700,12.9052608,80.2274229,8.66,0.7,5.2
1758000009.800,12.9052648,80.2274158,8.47,2.2,5.34
1758000009.900,12.9052721,80.2274189,8.43,2.1,4.68
1758000010.000,12.9052746,80.2274189,8.53,357.2,4.89
1758000010.100,12.9052768,80.2274170,8.47,0.0,5.03
1758000010.200,12.9052849,80.2274227,8.63,0.3,5.18
1758000010.300,12.9052858,80.2274218,8.52,358.8,5.1
1758000010.400,12.9052962,80.2274187,8.57,2.3,5.11
1758000010.500,12.9053002,80.2274183,8.61,359.4,4.93
1758000010.600,12.9053004,80.2274195,8.73,1.9,4.6
1758000010.700,12.9053079,80.2274188,8.64,4.1,4.87
1758000010.800,12.9053069,80.2274202,8.63,359.2,5.1
1758000010.900,12.9053206,80.2274247,8.42,359.4,5.07
1758000011.000,12.9053189,80.2274165,8.53,1.9,4.84
1758000011.100,12.9053280,80.2274187,8.58,359.3,5.38
1758000011.200,12.9053319,80.2274247,8.5,358.4,5.13
1758000011.300,12.9053370,80.2274229,8.72,0.4,4.81
1758000011.400,12.9053394,80.2274224,8.58,359.2,4.86
1758000011.500,12.9053418,80.2274174,8.7,1.4,4.81
1758000011.600,12.9053410,80.2274234,8.6,359.1,4.92
1758000011.700,12.9053517,80.2274176,8.75,359.5,5.02
1758000011.800,12.9053566,80.2274189,8.49,0.1,5.07
1758000011.900,12.9053608,80.2274138,8.59,357.8,5.52
1758000012.000,12.9053636,80.2274159,8.58,358.0,5.47
1758000012.100,12.9053722,80.2274191,8.55,359.0,5.05
1758000012.200,12.9053740,80.2274177,8.55,1.1,4.55
1758000012.300,12.9053793,80.2274144,8.51,357.1,5.01
1758000012.400,12.9053814,80.2274205,8.53,1.5,4.88
1758000012.500,12.9053859,80.2274193,8.4,1.6,5.0
1758000012.600,12.9053923,80.2274137,8.34,356.9,4.79
1758000012.700,12.9053894,80.2274156,8.58,1.9,5.23
1758000012.800,12.9054045,80.2274204,8.51,1.1,5.44
1758000012.900,12.9054045,80.2274212,8.7,357.2,5.31
1758000013.000,12.9054092,80.2274193,8.69,358.7,5.1
1758000013.100,12.9054138,80.2274227,8.63,358.4,5.35
1758000013.200,12.9054191,80.2274188,8.49,357.6,5.38
1758000013.300,12.9054247,80.2274158,8.53,357.5,4.84
1758000013.400,12.9054262,80.2274152,8.62,360.0,4.91
1758000013.500,12.9054280,80.2274144,8.65,2.1,4.67
1758000013.600,12.9054408,80.2274198,8.55,358.2,5.08
1758000013.700,12.9054452,80.2274228,8.5,358.9,4.82
1758000013.800,12.9054516,80.2274194,8.62,358.9,5.19
1758000013.900,12.9054484,80.2274184,8.66,359.2,4.88
1758000014.000,12.9054562,80.2274148,8.62,358.2,5.13
1758000014.100,12.9054573,80.2274216,8.54,1.5,5.31
1758000014.200,12.9054638,80.2274222,8.65,358.4,4.77
1758000014.300,12.9054670,80.2274201,8.63,2.2,4.91
1758000014.400,12.9054713,80.2274154,8.53,359.1,4.83
1758000014.500,12.9054780,80.2274170,8.37,1.2,4.91
1758000014.600,12.9054795,80.2274181,8.57,357.6,4.92
1758000014.700,12.9054837,80.2274211,8.56,359.5,4.92
1758000014.800,12.9054916,80.2274181,8.77,358.4,4.9
1758000014.900,12.9054948,80.2274235,8.9,359.9,4.99
1758000015.000,12.9055011,80.2274165,8.55,359.8,4.66
1758000015.100,12.9055014,80.2274227,8.79,0.1,5.18
1758000015.200,12.9055097,80.2274225,8.61,357.8,4.83
1758000015.300,12.9055154,80.2274167,8.47,359.0,4.76
1758000015.400,12.9055248,80.2274212,8.58,0.3,5.2
1758000015.500,12.9055247,80.2274214,8.49,2.4,4.91
1758000015.600,12.9055213,80.2274200,8.58,359.3,4.8
1758000015.700,12.9055306,80.2274161,8.67,0.7,4.91
1758000015.800,12.9055354,80.2274221,8.53,0.5,5.02
1758000015.900,12.9055400,80.2274188,8.49,358.4,4.94
1758000016.000,12.9055460,80.2274176,8.75,0.4,4.96
1758000016.100,12.9055509,80.2274201,8.66,359.6,4.81
1758000016.200,12.9055588,80.2274186,8.53,0.1,5.06
1758000016.300,12.9055592,80.2274160,8.56,357.4,4.97
1758000016.400,12.9055636,80.2274205,8.47,1.4,4.65
1758000016.500,12.9055673,80.2274175,8.66,358.5,4.92
1758000016.600,12.9055717,80.2274206,8.7,0.6,5.13
1758000016.700,12.9055732,80.2274209,8.6,1.6,4.73
1758000016.800,12.9055778,80.2274178,8.42,359.5,5.31
1758000016.900,12.9055885,80.2274190,8.63,359.6,4.64
1758000017.000,12.9055867,80.2274208,8.6,359.2,4.83
1758000017.100,12.9055948,80.2274144,8.46,358.2,4.91
1758000017.200,12.9056010,80.2274167,8.53,359.4,4.9
1758000017.300,12.9056073,80.2274229,8.63,359.4,5.16
1758000017.400,12.9056068,80.2274174,8.46,2.5,5.06
1758000017.500,12.9056103,80.2274178,8.55,360.0,4.93
1758000017.600,12.9056178,80.2274169,8.77,1.0,4.85
1758000017.700,12.9056258,80.2274188,8.63,0.9,5.23
1758000017.800,12.9056263,80.2274142,8.51,1.5,4.94
1758000017.900,12.9056275,80.2274144,8.67,359.2,5.28
1758000018.000,12.9056353,80.2274211,8.42,359.2,5.07
1758000018.100,12.9056382,80.2274197,8.7,2.3,5.0
1758000018.200,12.9056397,80.2274186,8.41,358.6,5.25
1758000018.300,12.9056427,80.2274180,8.55,0.3,4.85
1758000018.400,12.9056540,80.2274193,8.61,1.5,5.16
1758000018.500,12.9056569,80.2274180,8.66,0.3,5.19
1758000018.600,12.9056657,80.2274169,8.55,359.9,5.23
1758000018.700,12.9056674,80.2274180,8.59,359.4,4.92
1758000018.800,12.9056699,80.2274232,8.6,359.9,4.88
1758000018.900,12.9056707,80.2274180,8.38,357.6,4.87
1758000019.000,12.9056817,80.2274199,8.64,0.9,4.98
1758000019.100,12.9056817,80.2274186,8.75,359.1,4.45
1758000019.200,12.9056906,80.2274216,8.56,359.9,4.75
1758000019.300,12.9056889,80.2274244,8.63,359.6,4.82
1758000019.400,12.9056995,80.2274150,8.51,358.5,4.84
1758000019.500,12.9056986,80.2274196,8.72,0.0,4.91
1758000019.600,12.9057070,80.2274227,8.49,2.3,5.11
1758000019.700,12.9057183,80.2274194,8.72,0.4,5.42
1758000019.800,12.9057142,80.2274197,8.53,356.9,4.91
1758000019.900,12.9057201,80.2274195,8.55,0.5,5.14
1758000020.000,12.9057265,80.2274193,8.7,358.6,5.09
1758000020.100,12.9057258,80.2274224,8.7,359.8,4.8
1758000020.200,12.9057302,80.2274170,8.54,2.6,4.99
1758000020.300,12.9057435,80.2274172,8.72,1.5,4.76
1758000020.400,12.9057434,80.2274170,8.66,358.5,4.77
1758000020.500,12.9057513,80.2274192,8.83,0.8,4.86
1758000020.600,12.9057526,80.2274183,8.54,1.4,5.0
1758000020.700,12.9057556,80.2274163,8.64,1.3,4.83
1758000020.800,12.9057567,80.2274188,8.56,356.6,4.77
1758000020.900,12.9057603,80.2274170,8.71,1.0,5.22
1758000021.000,12.9057669,80.2274235,8.63,359.8,4.96
1758000021.100,12.9057753,80.2274182,8.58,0.4,5.27
1758000021.200,12.9057762,80.2274125,8.65,0.8,4.58
1758000021.300,12.9057837,80.2274183,8.73,0.5,5.13
1758000021.400,12.9057817,80.2274168,8.58,357.7,4.98
1758000021.500,12.9057954,80.2274190,8.63,0.4,5.02
1758000021.600,12.9057965,80.2274174,8.58,359.0,4.88
1758000021.700,12.9057996,80.2274165,8.62,0.2,5.05
1758000021.800,12.9058034,80.2274178,8.64,0.8,5.08
1758000021.900,12.9058114,80.2274185,8.66,1.3,4.95
1758000022.000,12.9058182,80.2274192,8.58,0.3,5.01
1758000022.100,12.9058185,80.2274200,8.67,358.9,4.61
1758000022.200,12.9058269,80.2274200,8.5,358.8,4.63
1758000022.300,12.9058291,80.2274179,8.62,0.2,5.02
1758000022.400,12.9058348,80.2274134,8.72,357.3,4.92
1758000022.500,12.9058323,80.2274186,8.53,1.9,5.01
1758000022.600,12.9058403,80.2274208,8.36,3.9,4.94
1758000022.700,12.9058460,80.2274152,8.54,358.1,5.14
1758000022.800,12.9058506,80.2274213,8.63,358.3,5.14
1758000022.900,12.9058541,80.2274182,8.57,358.9,5.01
1758000023.000,12.9058573,80.2274194,8.59,0.8,4.91
1758000023.100,12.9058636,80.2274179,8.76,359.2,5.24
1758000023.200,12.9058710,80.2274230,8.67,0.8,5.06
1758000023.300,12.9058777,80.2274211,8.49,357.9,5.09
1758000023.400,12.9058761,80.2274153,8.6,2.8,4.69
1758000023.500,12.9058800,80.2274215,8.76,1.1,5.22
1758000023.600,12.9058875,80.2274192,8.56,359.8,4.98
1758000023.700,12.9058850,80.2274171,8.64,3.1,4.98
1758000023.800,12.9058965,80.2274228,8.45,358.4,4.78
1758000023.900,12.9058986,80.2274184,8.72,356.8,5.05
1758000024.000,12.9059083,80.2274177,8.59,1.9,4.81
1758000024.100,12.9059103,80.2274186,8.53,0.1,4.99
1758000024.200,12.9059089,80.2274236,8.79,0.6,4.62
1758000024.300,12.9059175,80.2274172,8.69,358.4,5.24
1758000024.400,12.9059282,80.2274216,8.49,1.1,4.8
1758000024.500,12.9059275,80.2274258,8.55,0.5,5.13
1758000024.600,12.9059338,80.2274252,8.46,357.6,5.09
1758000024.700,12.9059327,80.2274182,8.63,2.6,5.06
1758000024.800,12.9059386,80.2274179,8.54,355.8,5.2
1758000024.900,12.9059440,80.2274239,8.68,358.3,5.54
1758000025.000,12.9059440,80.2274222,8.58,0.7,4.95
1758000025.100,12.9059550,80.2274205,8.75,359.0,4.91
1758000025.200,12.9059576,80.2274162,8.61,358.2,4.7
1758000025.300,12.9059598,80.2274186,8.64,0.2,5.02
1758000025.400,12.9059670,80.2274172,8.5,358.9,4.75
1758000025.500,12.9059717,80.2274194,8.57,359.3,4.87
1758000025.600,12.9059726,80.2274153,8.64,2.9,5.12
1758000025.700,12.9059787,80.2274185,8.64,359.8,5.05
1758000025.800,12.9059852,80.2274223,8.73,359.2,4.7
1758000025.900,12.9059848,80.2274224,8.55,0.5,5.08
1758000026.000,12.9059902,80.2274171,8.3,0.1,5.41
1758000026.100,12.9060027,80.2274222,8.45,1.9,4.84
1758000026.200,12.9060039,80.2274178,8.6,358.6,5.29
1758000026.300,12.9060086,80.2274222,8.51,1.2,4.94
1758000026.400,12.9060102,80.2274192,8.56,0.3,4.95
1758000026.500,12.9060157,80.2274231,8.48,358.7,5.05
1758000026.600,12.9060179,80.2274181,8.69,2.0,5.0
1758000026.700,12.9060260,80.2274223,8.67,0.1,5.16
1758000026.800,12.9060280,80.2274158,8.6,358.4,5.08
1758000026.900,12.9060286,80.2274203,8.59,357.4,5.09
1758000027.000,12.9060377,80.2274249,8.52,359.0,4.82
1758000027.100,12.9060430,80.2274187,8.6,0.9,4.75
1758000027.200,12.9060497,80.2274163,8.75,359.1,5.15
1758000027.300,12.9060523,80.2274230,8.55,359.0,4.86
1758000027.400,12.9060584,80.2274198,8.56,359.1,5.19
1758000027.500,12.9060591,80.2274178,8.69,1.1,5.12
1758000027.600,12.9060636,80.2274192,8.56,357.0,4.71
1758000027.700,12.9060643,80.2274171,8.44,4.4,4.95
1758000027.800,12.9060764,80.2274185,8.42,358.0,4.62
1758000027.900,12.9060786,80.2274217,8.62,359.4,4.77
1758000028.000,12.9060794,80.2274152,8.6,358.9,4.84
1758000028.100,12.9060856,80.2274175,8.49,0.6,4.91
1758000028.200,12.9060970,80.2274159,8.71,358.3,4.98
1758000028.300,12.9060990,80.2274163,8.63,359.0,5.05
1758000028.400,12.9061018,80.2274197,8.55,0.0,5.1
1758000028.500,12.9061128,80.2274171,8.8,0.2,4.77
1758000028.600,12.9061116,80.2274202,8.5,358.3,4.77
1758000028.700,12.9061206,80.2274130,8.45,358.2,5.01
1758000028.800,12.9061271,80.2274181,8.75,357.0,5.32
1758000028.900,12.9061245,80.2274223,8.6,0.3,4.95
1758000029.000,12.9061246,80.2274203,8.57,2.8,5.08
1758000029.100,12.9061318,80.2274218,8.63,0.3,4.86
1758000029.200,12.9061376,80.2274192,8.46,357.8,4.46
1758000029.300,12.9061418,80.2274207,8.43,358.5,4.94
1758000029.400,12.9061478,80.2274165,8.67,356.6,5.1
1758000029.500,12.9061508,80.2274146,8.56,359.2,5.24
1758000029.600,12.9061594,80.2274150,8.77,0.9,4.82
1758000029.700,12.9061605,80.2274188,8.56,2.8,5.11
1758000029.800,12.9061666,80.2274159,8.79,1.4,4.92
1758000029.900,12.9061682,80.2274190,8.57,358.3,5.05
1758000030.000,12.9061701,80.2274209,8.39,1.7,5.05
1758000030.100,12.9061758,80.2274180,8.74,355.6,4.98
1758000030.200,12.9061845,80.2274154,8.56,2.6,4.93
1758000030.300,12.9061830,80.2274222,8.5,1.6,5.07
1758000030.400,12.9061946,80.2274206,8.54,359.8,4.69
1758000030.500,12.9061961,80.2274192,8.51,0.9,4.91
1758000030.600,12.9062023,80.2274212,8.71,1.8,5.24
1758000030.700,12.9062077,80.2274187,8.54,358.9,5.11
1758000030.800,12.9062134,80.2274181,8.47,357.9,4.83
1758000030.900,12.9062121,80.2274145,8.64,2.8,4.79
1758000031.000,12.9062186,80.2274204,8.65,356.4,4.89
1758000031.100,12.9062208,80.2274176,8.51,0.7,4.82
1758000031.200,12.9062268,80.2274199,8.62,358.4,5.03
1758000031.300,12.9062352,80.2274219,8.55,0.3,5.36
1758000031.400,12.9062356,80.2274195,8.59,359.5,4.7
1758000031.500,12.9062432,80.2274205,8.52,0.6,4.83
1758000031.600,12.9062434,80.2274211,8.54,359.6,5.01
1758000031.700,12.9062515,80.2274182,8.63,359.3,4.9
1758000031.800,12.9062565,80.2274227,8.63,359.1,4.84
1758000031.900,12.9062590,80.2274217,8.8,357.5,4.97
1758000032.000,12.9062620,80.2274204,8.68,359.4,5.13
1758000032.100,12.9062650,80.2274137,8.68,358.5,4.87
1758000032.200,12.9062752,80.2274174,8.55,358.9,5.09
1758000032.300,12.9062821,80.2274194,8.57,1.5,5.16
1758000032.400,12.9062842,80.2274185,8.59,1.6,5.25
1758000032.500,12.9062797,80.2274164,8.49,2.1,5.43
1758000032.600,12.9062899,80.2274178,8.52,1.3,5.0
1758000032.700,12.9062939,80.2274182,8.63,359.5,4.9
1758000032.800,12.9062995,80.2274223,8.66,359.7,4.89
1758000032.900,12.9063045,80.2274160,8.55,0.9,5.01
1758000033.000,12.9063104,80.2274193,8.72,1.9,5.36
1758000033.100,12.9063098,80.2274192,8.43,0.0,5.2
1758000033.200,12.9063175,80.2274188,8.64,358.4,5.23
1758000033.300,12.9063215,80.2274166,8.7,359.8,5.05
1758000033.400,12.9063251,80.2274240,8.57,1.2,4.73
1758000033.500,12.9063339,80.2274191,8.63,1.1,5.3
1758000033.600,12.9063308,80.2274146,8.56,0.2,5.0
1758000033.700,12.9063362,80.2274213,8.52,2.5,4.94
1758000033.800,12.9063412,80.2274163,8.59,359.5,4.75
1758000033.900,12.9063484,80.2274166,8.54,2.4,5.39
1758000034.000,12.9063575,80.2274226,8.69,358.9,4.93
1758000034.100,12.9063581,80.2274159,8.46,357.8,4.56
1758000034.200,12.9063628,80.2274164,8.8,0.4,4.76
1758000034.300,12.9063678,80.2274232,8.57,357.6,4.99
1758000034.400,12.9063729,80.2274177,8.59,2.0,5.13
1758000034.500,12.9063777,80.2274208,8.58,0.3,4.85
1758000034.600,12.9063799,80.2274224,8.8,0.9,4.86
1758000034.700,12.9063909,80.2274202,8.57,0.9,4.97
1758000034.800,12.9063916,80.2274179,8.55,1.0,5.19
1758000034.900,12.9063902,80.2274199,8.51,359.9,4.78
1758000035.000,12.9063972,80.2274143,8.71,1.2,5.1
1758000035.100,12.9064034,80.2274205,8.57,0.9,5.14
1758000035.200,12.9064094,80.2274204,8.58,358.3,5.01
1758000035.300,12.9064113,80.2274205,8.67,358.2,4.81
1758000035.400,12.9064112,80.2274207,8.49,359.6,4.84
1758000035.500,12.9064224,80.2274170,8.53,0.7,5.16
1758000035.600,12.9064227,80.2274227,8.64,359.2,4.73
1758000035.700,12.9064268,80.2274170,8.56,358.5,5.28
1758000035.800,12.9064338,80.2274230,8.77,359.7,4.91
1758000035.900,12.9064388,80.2274162,8.72,358.3,4.9
1758000036.000,12.9064400,80.2274183,8.66,0.8,5.35
1758000036.100,12.9064488,80.2274165,8.67,1.6,5.02
1758000036.200,12.9064508,80.2274180,8.62,1.0,5.05
1758000036.300,12.9064549,80.2274174,8.44,1.4,4.89
1758000036.400,12.9064630,80.2274178,8.59,357.8,5.1
1758000036.500,12.9064643,80.2274166,8.7,359.7,4.97
1758000036.600,12.9064711,80.2274232,8.68,1.6,5.17
1758000036.700,12.9064668,80.2274257,8.62,0.7,4.83
1758000036.800,12.9064824,80.2274207,8.72,359.4,5.12
1758000036.900,12.9064840,80.2274211,8.78,359.4,4.99
1758000037.000,12.9064861,80.2274196,8.71,3.3,5.22
1758000037.100,12.9064899,80.2274186,8.74,1.4,5.31
1758000037.200,12.9064975,80.2274144,8.77,359.8,5.02
1758000037.300,12.9064995,80.2274211,8.55,1.2,5.13
1758000037.400,12.9065029,80.2274212,8.64,359.3,4.75
1758000037.500,12.9065092,80.2274190,8.58,1.5,5.0
1758000037.600,12.9065133,80.2274173,8.64,2.1,4.87
1758000037.700,12.9065200,80.2274155,8.47,5.0,5.1
1758000037.800,12.9065232,80.2274208,8.62,0.7,5.0
1758000037.900,12.9065271,80.2274193,8.71,3.0,5.24
1758000038.000,12.9065348,80.2274185,8.59,359.0,5.32
1758000038.100,12.9065382,80.2274205,8.65,359.8,4.89
1758000038.200,12.9065415,80.2274164,8.77,358.2,5.19
1758000038.300,12.9065416,80.2274198,8.58,0.9,4.85
1758000038.400,12.9065539,80.2274194,8.52,358.1,5.27
1758000038.500,12.9065605,80.2274221,8.48,358.8,5.31
1758000038.600,12.9065566,80.2274154,8.55,2.2,4.9
1758000038.700,12.9065714,80.2274202,8.76,358.2,5.02
1758000038.800,12.9065689,80.2274186,8.7,359.8,4.75
1758000038.900,12.9065704,80.2274208,8.75,359.9,4.75
1758000039.000,12.9065798,80.2274198,8.59,1.7,4.82
1758000039.100,12.9065837,80.2274209,8.5,1.5,5.04
1758000039.200,12.9065882,80.2274206,8.82,1.3,5.2
1758000039.300,12.9065899,80.2274223,8.71,360.0,5.1
1758000039.400,12.9065951,80.2274196,8.54,3.8,5.3
1758000039.500,12.9066004,80.2274181,8.61,359.7,4.91
1758000039.600,12.9066087,80.2274179,8.53,356.5,4.79
1758000039.700,12.9066108,80.2274236,8.44,0.7,5.17
1758000039.800,12.9066160,80.2274134,8.64,359.6,5.04
1758000039.900,12.9066113,80.2274151,8.5,2.9,4.79
1758000040.000,12.9066188,80.2274225,8.72,4.4,4.84
1758000040.100,12.9066324,80.2274179,8.73,356.7,4.61
1758000040.200,12.9066284,80.2274217,8.62,2.4,5.01
1758000040.300,12.9066296,80.2274221,8.53,358.0,4.82
1758000040.400,12.9066414,80.2274228,8.54,1.9,5.21
1758000040.500,12.9066483,80.2274230,8.52,0.1,5.08
1758000040.600,12.9066529,80.2274156,8.48,0.3,5.1
1758000040.700,12.9066495,80.2274159,8.63,1.8,4.83
1758000040.800,12.9066536,80.2274232,8.6,359.4,4.83
1758000040.900,12.9066612,80.2274193,8.47,0.7,5.05
1758000041.000,12.9066659,80.2274187,8.63,357.5,4.92
1758000041.100,12.9066701,80.2274198,8.58,0.2,4.93
1758000041.200,12.9066770,80.2274206,8.72,0.6,4.94
1758000041.300,12.9066846,80.2274194,8.67,0.4,5.12
1758000041.400,12.9066853,80.2274222,8.54,356.0,4.66
1758000041.500,12.9066923,80.2274149,8.54,2.6,4.45
1758000041.600,12.9066908,80.2274171,8.47,358.9,5.19
1758000041.700,12.9066973,80.2274178,8.51,358.7,5.29
1758000041.800,12.9067106,80.2274200,8.65,1.6,5.02
1758000041.900,12.9067073,80.2274216,8.61,360.0,5.05
1758000042.000,12.9067171,80.2274164,8.55,358.3,4.92
1758000042.100,12.9067188,80.2274155,8.63,0.3,4.85
1758000042.200,12.9067241,80.2274219,8.45,356.4,4.96
1758000042.300,12.9067265,80.2274166,8.64,2.4,5.48
1758000042.400,12.9067330,80.2274182,8.62,359.0,5.13
1758000042.500,12.9067340,80.2274168,8.53,358.9,5.02
1758000042.600,12.9067384,80.2274181,8.75,359.5,5.14
1758000042.700,12.9067457,80.2274204,8.52,1.0,5.14
1758000042.800,12.9067501,80.2274164,8.58,1.1,5.0
1758000042.900,12.9067531,80.2274191,8.38,1.2,5.1
1758000043.000,12.9067582,80.2274156,8.37,358.0,5.06
1758000043.100,12.9067605,80.2274172,8.66,1.7,4.76
1758000043.200,12.9067666,80.2274218,8.6,0.6,5.21
1758000043.300,12.9067686,80.2274185,8.64,0.3,4.67
1758000043.400,12.9067768,80.2274193,8.61,358.0,4.97
1758000043.500,12.9067814,80.2274173,8.43,1.3,4.91
1758000043.600,12.9067875,80.2274172,8.6,357.8,4.73
1758000043.700,12.9067886,80.2274143,8.6,0.9,4.68
1758000043.800,12.9067923,80.2274184,8.44,1.6,4.82
1758000043.900,12.9067979,80.2274186,8.58,1.4,4.99
1758000044.000,12.9068027,80.2274177,8.59,358.5,5.12
1758000044.100,12.9068020,80.2274216,8.59,357.8,5.05
1758000044.200,12.9068127,80.2274227,8.46,0.4,4.99
1758000044.300,12.9068126,80.2274186,8.7,357.6,4.53
1758000044.400,12.9068221,80.2274173,8.56,359.5,4.8
1758000044.500,12.9068256,80.2274161,8.59,358.5,5.05
1758000044.600,12.9068312,80.2274133,8.57,0.6,5.21
1758000044.700,12.9068314,80.2274201,8.68,359.5,5.15
1758000044.800,12.9068356,80.2274185,8.66,1.4,5.14
1758000044.900,12.9068403,80.2274189,8.59,358.1,5.15
1758000045.000,12.9068431,80.2274236,8.74,359.8,5.04
1758000045.100,12.9068497,80.2274165,8.59,359.7,5.44
1758000045.200,12.9068522,80.2274221,8.52,1.2,5.17
1758000045.300,12.9068642,80.2274158,8.83,0.5,5.05
1758000045.400,12.9068616,80.2274170,8.66,3.2,5.24
1758000045.500,12.9068703,80.2274190,8.73,357.2,5.27
1758000045.600,12.9068751,80.2274168,8.66,358.9,5.0
1758000045.700,12.9068827,80.2274183,8.4,359.6,4.71
1758000045.800,12.9068809,80.2274184,8.66,0.0,5.14
1758000045.900,12.9068858,80.2274193,8.7,358.9,4.54
1758000046.000,12.9068910,80.2274199,8.57,0.5,4.77
1758000046.100,12.9068928,80.2274157,8.53,358.8,5.24
1758000046.200,12.9069032,80.2274182,8.47,0.7,5.04
1758000046.300,12.9069044,80.2274239,8.73,358.7,4.97
1758000046.400,12.9069102,80.2274211,8.58,1.7,5.2
1758000046.500,12.9069173,80.2274245,8.61,0.7,5.14
1758000046.600,12.9069204,80.2274195,8.4,357.6,4.8
1758000046.700,12.9069198,80.2274231,8.56,0.6,4.74
1758000046.800,12.9069281,80.2274167,8.72,356.6,5.16
1758000046.900,12.9069372,80.2274155,8.55,358.7,4.77
1758000047.000,12.9069422,80.2274163,8.67,3.0,5.05
1758000047.100,12.9069439,80.2274221,8.61,0.4,4.94
1758000047.200,12.9069453,80.2274168,8.58,0.3,4.77
1758000047.300,12.9069474,80.2274149,8.67,1.6,4.82
1758000047.400,12.9069553,80.2274158,8.68,0.5,5.08
1758000047.500,12.9069608,80.2274184,8.39,0.3,4.97
1758000047.600,12.9069613,80.2274185,8.61,0.8,4.8
1758000047.700,12.9069700,80.2274209,8.54,360.0,5.27
1758000047.800,12.9069731,80.2274199,8.51,359.8,5.24
1758000047.900,12.9069799,80.2274173,8.54,358.3,4.89
1758000048.000,12.9069844,80.2274217,8.75,359.5,5.16
1758000048.100,12.9069859,80.2274237,8.51,0.8,5.07
1758000048.200,12.9069886,80.2274170,8.64,357.7,4.99
1758000048.300,12.9069938,80.2274178,8.58,1.1,4.94
1758000048.400,12.9069972,80.2274180,8.54,0.5,5.35
1758000048.500,12.9070048,80.2274185,8.6,359.7,5.01
1758000048.600,12.9070071,80.2274182,8.58,359.4,4.85
1758000048.700,12.9070155,80.2274210,8.6,0.1,4.72
1758000048.800,12.9070105,80.2274197,8.59,356.6,4.9
1758000048.900,12.9070222,80.2274195,8.61,0.3,4.88
1758000049.000,12.9070291,80.2274186,8.52,359.7,4.92
1758000049.100,12.9070294,80.2274186,8.75,0.2,4.91
1758000049.200,12.9070377,80.2274203,8.55,360.0,4.87
1758000049.300,12.9070438,80.2274214,8.53,0.4,4.81
1758000049.400,12.9070476,80.2274170,8.56,0.5,5.17
1758000049.500,12.9070488,80.2274205,8.5,2.5,5.18
1758000049.600,12.9070530,80.2274151,8.52,1.7,5.05
1758000049.700,12.9070579,80.2274188,8.54,359.3,4.93
1758000049.800,12.9070623,80.2274180,8.49,2.4,4.98
1758000049.900,12.9070660,80.2274168,8.61,359.6,5.31
1758000050.000,12.9070688,80.2274156,8.57,0.8,5.07
1758000050.100,12.9070753,80.2274196,8.48,2.4,4.94
1758000050.200,12.9070819,80.2274213,8.53,1.6,5.38
1758000050.300,12.9070807,80.2274116,8.7,359.6,5.03
1758000050.400,12.9070915,80.2274146,8.74,1.7,4.97
1758000050.500,12.9070893,80.2274183,8.5,1.6,5.11
1758000050.600,12.9070951,80.2274231,8.57,0.9,5.02
1758000050.700,12.9071046,80.2274231,8.6,2.7,4.98
1758000050.800,12.9071079,80.2274161,8.62,359.8,4.61
1758000050.900,12.9071115,80.2274190,8.51,360.0,4.75
1758000051.000,12.9071145,80.2274196,8.54,0.5,4.88
1758000051.100,12.9071245,80.2274181,8.45,0.6,5.43
1758000051.200,12.9071270,80.2274141,8.75,2.9,4.49
1758000051.300,12.9071348,80.2274213,8.56,1.2,5.15
1758000051.400,12.9071361,80.2274132,8.53,0.3,5.13
1758000051.500,12.9071379,80.2274155,8.49,359.1,5.12
1758000051.600,12.9071492,80.2274210,8.66,0.7,5.03
1758000051.700,12.9071425,80.2274184,8.74,358.9,4.81
1758000051.800,12.9071573,80.2274233,8.63,359.2,4.79
1758000051.900,12.9071536,80.2274215,8.79,358.3,5.03
1758000052.000,12.9071653,80.2274180,8.62,359.6,4.97
1758000052.100,12.9071641,80.2274193,8.63,359.6,5.14
1758000052.200,12.9071767,80.2274141,8.52,359.9,5.13
1758000052.300,12.9071797,80.2274185,8.65,359.4,4.95
1758000052.400,12.9071827,80.2274196,8.54,359.4,5.04
1758000052.500,12.9071779,80.2274216,8.52,1.5,5.24
1758000052.600,12.9071868,80.2274178,8.63,358.9,5.04
1758000052.700,12.9071905,80.2274209,8.62,0.5,4.95
1758000052.800,12.9071953,80.2274192,8.53,1.4,5.23
1758000052.900,12.9072051,80.2274238,8.4,359.6,4.87
1758000053.000,12.9072048,80.2274177,8.5,0.0,4.99
1758000053.100,12.9072106,80.2274175,8.62,358.8,5.06
1758000053.200,12.9072163,80.2274174,8.77,2.2,4.94
1758000053.300,12.9072202,80.2274225,8.56,0.1,5.02
1758000053.400,12.9072261,80.2274168,8.5,359.0,4.83
1758000053.500,12.9072306,80.2274170,8.63,359.9,5.02
1758000053.600,12.9072297,80.2274194,8.55,1.2,4.95
1758000053.700,12.9072383,80.2274246,8.69,0.5,5.17
1758000053.800,12.9072386,80.2274159,8.43,357.7,4.79
1758000053.900,12.9072465,80.2274156,8.63,0.7,4.93
1758000054.000,12.9072488,80.2274189,8.49,0.1,5.06
1758000054.100,12.9072540,80.2274191,8.64,2.6,5.13
1758000054.200,12.9072583,80.2274215,8.56,359.6,4.99
1758000054.300,12.9072666,80.2274210,8.54,359.1,5.29
1758000054.400,12.9072705,80.2274187,8.68,1.8,5.0
1758000054.500,12.9072788,80.2274198,8.62,0.6,4.99
1758000054.600,12.9072768,80.2274217,8.63,357.5,4.89
1758000054.700,12.9072849,80.2274206,8.55,1.8,4.88
1758000054.800,12.9072855,80.2274214,8.7,0.1,4.99
1758000054.900,12.9072868,80.2274186,8.54,0.7,4.99
1758000055.000,12.9072954,80.2274165,8.63,2.7,5.26
1758000055.100,12.9073001,80.2274187,8.62,358.1,4.95
1758000055.200,12.9073007,80.2274199,8.72,0.4,4.76
1758000055.300,12.9073124,80.2274253,8.66,359.6,4.69
1758000055.400,12.9073150,80.2274198,8.6,360.0,4.86
1758000055.500,12.9073195,80.2274181,8.56,2.2,4.7
1758000055.600,12.9073256,80.2274148,8.46,0.7,5.14
1758000055.700,12.9073276,80.2274175,8.43,0.1,5.07
1758000055.800,12.9073360,80.2274151,8.66,359.0,5.41
1758000055.900,12.9073349,80.2274179,8.58,358.1,4.79
1758000056.000,12.9073459,80.2274198,8.71,0.7,5.09
1758000056.100,12.9073433,80.2274192,8.72,359.8,5.06
1758000056.200,12.9073457,80.2274164,8.55,0.2,5.01
1758000056.300,12.9073509,80.2274139,8.91,1.5,5.19
1758000056.400,12.9073589,80.2274211,8.5,359.8,4.78
1758000056.500,12.9073638,80.2274193,8.58,2.2,4.7
1758000056.600,12.9073642,80.2274226,8.64,0.2,5.27
1758000056.700,12.9073760,80.2274209,8.77,2.1,4.47
1758000056.800,12.9073701,80.2274166,8.66,1.1,4.67
1758000056.900,12.9073802,80.2274214,8.44,359.5,4.96
1758000057.000,12.9073853,80.2274209,8.52,359.0,5.2
1758000057.100,12.9073861,80.2274157,8.54,358.3,4.95
1758000057.200,12.9073948,80.2274198,8.52,0.5,5.07
1758000057.300,12.9073962,80.2274212,8.63,359.6,5.25
1758000057.400,12.9074097,80.2274226,8.51,358.3,5.47
1758000057.500,12.9074053,80.2274207,8.65,2.4,5.29
1758000057.600,12.9074133,80.2274232,8.6,358.7,4.93
1758000057.700,12.9074129,80.2274160,8.46,0.8,4.98
1758000057.800,12.9074193,80.2274204,8.63,0.6,4.88
1758000057.900,12.9074287,80.2274175,8.47,0.1,4.93
1758000058.000,12.9074319,80.2274145,8.63,1.4,4.78
1758000058.100,12.9074391,80.2274201,8.6,358.3,5.11
1758000058.200,12.9074402,80.2274186,8.61,0.5,4.88
1758000058.300,12.9074457,80.2274170,8.81,360.0,4.96
1758000058.400,12.9074461,80.2274173,8.47,359.9,4.72
1758000058.500,12.9074531,80.2274206,8.62,1.4,5.43
1758000058.600,12.9074562,80.2274192,8.64,0.2,4.79
1758000058.700,12.9074585,80.2274203,8.61,1.1,4.46
1758000058.800,12.9074713,80.2274197,8.49,359.3,5.51
1758000058.900,12.9074684,80.2274162,8.8,2.2,4.67
1758000059.000,12.9074756,80.2274186,8.55,358.6,5.23
1758000059.100,12.9074774,80.2274248,8.44,1.5,5.03
1758000059.200,12.9074813,80.2274165,8.56,1.8,4.99
1758000059.300,12.9074887,80.2274221,8.81,0.1,4.98
1758000059.400,12.9074937,80.2274183,8.57,0.8,5.1
1758000059.500,12.9074957,80.2274178,8.58,357.9,4.96
1758000059.600,12.9075045,80.2274203,8.52,357.1,5.23
1758000059.700,12.9075132,80.2274182,8.67,0.1,4.82
1758000059.800,12.9075160,80.2274201,8.77,2.5,5.28
1758000059.900,12.9075120,80.2274181,8.69,357.8,5.16
